barcode,AluJo,AluYf1,AluYg6,HSMAR1,LTR1F1,LTR24,LTR27B,LTR73,MER136,MER4B,MER61E,MER66A,MER66C,SVA_A
TCGA-HQ-A5ND-01A-11R-A26T-07,9184.85516268232,156.7223826179225,39.31391362,1024.911493,49.340538,106.279598,12.953453,59.8448205,4.79401,679.623646597768,47.1401,24.319013,28.752544,1315.3736991
TCGA-G2-A3IB-01A-11R-A20F-07,16499.863465146078,305.0291401,70.77740057407,1374.125014,32.212366,91.345461,33.191371,104.2156287,2.98629,871.1474093,31.361261,315.117090156666,46.332894,1171.72840338
TCGA-ZF-AA5N-01A-11R-A42T-07,4661.688246298283,73.714852,11.560604,587.195193,3.385308,50.463081,30.7293344,42.346433,1.01831,179.640082,26.2650449,22.462524,21.219696,274.666285
TCGA-FD-A6TF-01A-52R-A32O-07,10814.997661741943,199.847015,23.647677,1246.105928,33.381448,237.489563,38.200112,118.31350179,6.44263,433.940809,37.50585,72.520058,88.143388,957.5747675
TCGA-GC-A3WC-01A-31R-A22U-07,15544.06094555685,280.7183874,29.879969,1777.96523,45.249595,123.600854,40.35723,107.948648,8.691939999999999,810.57456,74.370987,64.995416,88.12078,1262.2388194
TCGA-4Z-AA81-01A-11R-A39I-07,7509.798000325464,146.9453354,31.8295159252165,420.854393,11.635966,209.465991,26.3637327,85.644885,8.10279,1071.198657,23.455501,24.861275,63.728245,876.232174
TCGA-G2-A2EK-01A-22R-A18C-07,19192.37143790017,359.92270426074003,40.374756,2780.453602,48.821452,424.7907047,46.804132,150.197067,16.0761,1288.5974678,74.10874749999999,98.1814156,92.392126,643.40238299943
TCGA-GC-A3BM-01A-11R-A22U-07,13653.71797458185,146.9194835705,24.9564173,1641.578552,36.985154,216.471925,58.822462,91.085155,0.0,618.4665558,45.069191,68.624213,61.328063,859.7029568
TCGA-DK-A3X1-01A-12R-A22U-07,14441.257522453136,249.82752651,52.2556827,2917.827564,46.470785,200.468563,24.245489,166.181945,10.4211,1272.920226186,39.182,176.480477,159.91334700000002,2141.771078
TCGA-ZF-AA4V-01A-11R-A38B-07,13506.542279572368,237.2935883,27.990227,1269.534173,29.633666,245.496894,15.232326,96.717543,29.24433,1034.679711,47.823625,69.083691,381.805166,877.2969673
TCGA-XF-AAMR-01A-31R-A42T-07,24629.14060733904,324.0433098,33.5207252,4043.03005855,85.131626,615.175175,133.190364,300.374352,29.3807,1443.5164374948,124.533024051,87.045252,149.219645,1123.338514
TCGA-GD-A2C5-01A-12R-A180-07,15823.15510986428,164.338051,23.5822437,2831.949312,34.915273,387.040381,44.203819,109.292069,4.59256,617.15967387,71.38482,90.740557,170.359602,884.498138
TCGA-E7-A6ME-01A-22R-A32O-07,10631.3711036603,144.9135126,13.394827,2105.50503,24.441226,191.990997,18.256324,60.185088,3.73928,346.5226364144882,66.256567,55.445929,84.40387199999999,995.5399688
TCGA-FD-A3SM-01A-11R-A22U-07,11996.13091893501,152.7093809,18.623263,945.990769,22.654264,85.891393,19.956631,119.817179,1.16733,434.592713,20.894783,21.515998,64.3817718,696.80393856988
TCGA-E7-A8O7-01A-11R-A36F-07,15334.975218749792,225.605419811434,29.3817426,3187.189698,92.748208,438.9064781,57.331543,125.43453,25.15,1031.4632611380814,99.521571,514.0059903,165.181543,1021.6520742
TCGA-CF-A47X-01A-31R-A23W-07,19241.10308244833,275.675757034046,37.340761451,3185.13044,33.526128,379.892822,107.388032,205.945032,21.222519,1144.1315774,53.673013,161.8916851,244.1808978,1187.5304376
TCGA-ZF-A9RM-01A-11R-A38B-07,14667.078035906075,142.875506,21.4997523,2065.957703,64.812799,265.44514,83.90247,79.961342,1.343916,581.806981,91.896828,63.8482309,101.339262,1104.5453663
TCGA-K4-A5RI-01A-11R-A28M-07,10600.34288550174,201.335312,36.6303106,835.823281,121.605882,112.703649,12.0,90.163436,12.6986,675.757135,41.4846,61.091909,84.079853,1631.1582275
TCGA-GD-A6C6-01A-21R-A31N-07,23157.777301988765,502.8452031692952,208.25908517678,3267.259088083,64.5124683,315.7647,7.0,368.483971,30.8493,645.560177,42.0,146.816743,215.98343,1175.545478
TCGA-DK-A2I6-01A-12R-A18C-07,13979.813886101128,653.055645253964,38.8348792,1428.69476,41.374203,196.651211,24.420487,201.80708516,5.421204,807.158684146,45.26619535,79.176146,60.946842,952.9433909
TCGA-XF-AAMZ-01A-11R-A42T-07,5206.296080144361,62.015103,9.806037,1080.854082,8.084114,88.5527062,10.596607,51.782959,0.0,270.02326,5.0,50.546978,29.217878,297.5829838
TCGA-GV-A3JX-01A-11R-A20F-07,17213.475536726935,266.231107878,39.4567492,1694.448233,28.035969,317.814769,30.14336,147.257842,0.0,994.34709,112.961534,72.7828205,139.2857022,1313.0564044899843
TCGA-UY-A9PA-01A-11R-A38B-07,7799.477452019905,100.58132039,15.372057,902.245396,34.979943,116.5092969,42.112317,74.628385,11.59292,456.7755608,29.58408666,140.02771099999998,57.046146,667.847922
TCGA-ZF-A9R1-01A-11R-A39I-07,13370.03137576607,201.4243096,19.625734,1264.99761,36.007121,164.197387,58.246778,98.104583,3.50277,502.2558233,57.703319,115.156901,74.536029,701.003110250796
TCGA-4Z-AA7M-01A-11R-A39I-07,15599.442477647726,162.6319782,40.678697,1230.3834668,184.466196,205.252774,38.96562,174.06909,11.3301,452.395560890653,48.172352,74.342563,147.782562,842.994199
TCGA-4Z-AA7O-01A-31R-A39I-07,7666.101561938583,92.398396,20.089702,1140.580517,22.127538,170.38566,31.111828,91.911335,8.51687,777.654618,37.185499,39.5172305,32.940904,445.338081
TCGA-FD-A6TB-01A-12R-A33J-07,15105.9921374389,215.7888050261291,67.1256238464036,1106.672243,25.609298,423.905949,35.431225,130.858645,14.131,703.266767,91.980618,72.6416858,61.55524,1392.1263035
TCGA-UY-A9PD-01A-11R-A38B-07,8468.757025979126,92.9267568,42.540444581,2137.270455,52.713269,475.51294,22.369411,104.063099,3.80831,704.0054439,24.76643,59.419186781178,40.762622,430.455664
TCGA-ZF-A9RD-01A-11R-A42T-07,5940.683922044379,71.324206,12.266492,599.421157,4.0,49.540101,5.0,51.576913,7.64537,532.958224,9.0,54.950585,29.68729,415.444979
TCGA-HQ-A2OE-01A-11R-A206-07,21473.09133061404,345.60234146958,48.2175684573457,3455.32343671487,210.244094,652.262282,106.2108742,171.561961,1.0,959.384206286236,61.492846,36.878943,81.7913134,1587.572371
TCGA-G2-AA3B-01A-11R-A39I-07,26998.14735298526,584.54629590131,221.86781,4678.5849610000005,66.967157,1276.089207,54.387475,193.1881457,25.2636,2923.0952427,64.03731,100.51737,453.417668,1748.5446132
TCGA-CU-A3QU-01A-11R-A22U-07,11350.977447762662,206.86297260209,21.635677,1639.042833,12.833811,135.658323,20.575788,90.9043562,4.4085,718.982249856273,56.4681,92.966551,86.68869,805.5696246577
TCGA-FD-A6TH-01A-11R-A32O-07,13765.872554750713,265.0588572,19.193512,1616.891342,24.82746,427.46966,46.596814,97.485329,33.168,684.9743993,62.070212,22.233040030599,91.468165,1305.0397832
TCGA-K4-A83P-01A-11R-A352-07,11334.004059626042,141.781945,33.337663566133,1476.4425663,18.3705989,168.28073,24.427648,102.617559,19.4902,428.1824549,71.936055,46.951201000000005,46.543349,1619.6037637
TCGA-DK-A3X2-01A-11R-A22U-07,12168.874595439143,162.05611050789,30.088558126,1451.591233,20.455769,162.414513,32.6295636,79.531079,0.0,508.9374852,48.110023,49.966541,41.111099,853.9250626235
TCGA-BT-A2LB-01A-11R-A18C-07,13137.004090588269,221.766523525806,34.2262276,2362.168571,31.0009951,211.772146,47.184617,116.575035,5.2697,851.935738,34.523202,105.036106,169.845726,947.0298320252
TCGA-HQ-A5NE-01A-12R-A28M-07,8146.07986404261,140.4822024823142,9.8765337,1436.812636,5.898401,57.298765,29.668399,57.9791488,6.009049,338.57914578835,25.798185,22.499385,56.943952,824.183665
TCGA-BT-A20R-01A-12R-A16R-07,12715.424851088854,171.7171528,24.355709,1594.49357103,46.7737211,196.391345,17.6476409,110.030479,9.49305,641.3323392798978,36.605067,41.0173877,78.885765,557.3659734
TCGA-FD-A43U-01A-11R-A23W-07,22419.901850181483,412.8131069368,105.420971275512,1743.3034220601812,85.4887508047,267.554231,22.491023,115.480755,15.5342,997.263909,71.839049,86.369322,166.965159,1004.0162199
TCGA-DK-A3IM-01A-11R-A20F-07,13060.457995944089,214.926776832,23.7096586,2326.978193,25.57245,168.701384,18.669223,122.466745,4.590693,379.48967,17.98548,36.94864,94.5069778776,925.550611
TCGA-FD-A3B8-01A-31R-A20F-07,10822.55287542137,151.65196,28.078369,1357.494531392572,27.008832,173.021512,32.339208,110.106525,1.08565,385.266384117966,73.033172,39.298478,71.655214,896.0102138
TCGA-R3-A69X-01A-22R-A30C-07,9359.383249881155,126.144444134,21.480064,1395.093533,31.554281,137.16455399999998,59.287095,95.300086,3.01314,594.1827760576751,53.330971,26.628593,40.519996,970.9215351
TCGA-XF-AAMH-01A-11R-A42T-07,10674.975043550185,140.3251857,27.39839,2754.440865,15.767986,161.31665,9.219683,210.4379359,12.6068,388.335326,24.796824,57.016216,149.79622,571.572458
TCGA-ZF-AA4T-01A-11R-A38B-07,10074.620498874016,175.0120188,41.55664331396,1652.434239,43.033576,152.203301,7.1817720000000005,68.779846,5.41683,469.603007215,47.9999998148,272.944192,54.388528,808.6102988
TCGA-FJ-A871-01A-11R-A352-07,13522.438867783934,246.832335964,31.6234585,1817.452646,13.646543,192.635246,8.6914972,142.827487924,0.0,345.2219428,34.074229,76.436857,42.801803,854.843167
TCGA-E7-A85H-01A-11R-A352-07,16426.62642626687,260.9353173,34.26567451,3250.961882,325.930369,380.158978,29.789065,113.653004,14.5729,2735.095474271,88.635281,117.165469,56.4354402,1860.16264278408
TCGA-XF-AAMQ-01A-11R-A42T-07,14168.901179137883,162.440702561,28.585652,2874.2915729,428.84608,189.2757773,64.888432,122.0501189,0.500552,1809.579352,45.161094,152.062338,93.984483,1517.334826
TCGA-BL-A3JM-01A-12R-A21D-07,20743.742508903422,294.1391645400519,44.747346,2783.1353805,45.79372409,347.88604,55.414371,232.496124,12.3336,2071.062775,166.38272,69.718462,105.921743,1212.7546596
TCGA-XF-A8HB-01A-11R-A36F-07,10815.342650775276,188.92369354,20.383037103843,1053.297358,34.058773,440.4874533,48.42657281,113.163755,15.689756,1151.693709,121.21514,88.762735,28.85127785387,887.3488172
TCGA-DK-A3WY-01A-11R-A22U-07,11936.528955698062,221.2644826793,36.8044626,1087.585147,29.050812,190.340195,26.054028,128.920391,19.6534,537.5163439,164.294888,45.877058000000005,81.08627800000001,1360.986042
TCGA-XF-AAML-01A-11R-A42T-07,7226.113421660031,117.986528530555,7.9753467,1558.045286,26.095494,113.278601,7.319313,42.951668,2.2876503,524.86235263124,20.932777,69.189746,46.548558,489.057695
TCGA-DK-A3IK-01A-32R-A21D-07,26588.232713189173,366.9999516,78.0406131,2620.177116934,46.036745,653.8193461,59.799363,148.08953,10.3451,1597.3835661,61.084602,82.543615,209.2144471,1008.602675046321
TCGA-BT-A20V-01A-11R-A14Y-07,10261.030067845362,191.0755477613,23.2071487377,809.894544,22.305088,192.024915,21.6235,91.172231,16.530897,429.9236828828106,54.62491,26.309508,28.064958,723.7298548
TCGA-LT-A8JT-01A-11R-A36F-07,14466.298982426975,159.927935,13.9020049,2967.298596,29.456182,387.023717,80.23653,144.64912,8.783346,1100.54171513,204.2210600865297,116.262965,165.158824,983.6430213
TCGA-XF-AAMT-01A-11R-A42T-07,14268.363239029815,254.0771676815464,45.71095525753,1449.2311407,33.2900465,147.350782,42.249516,160.326416,2.25519,403.1493265413614,53.310585,69.301181318276,121.3311462,929.42058
TCGA-CF-A1HS-01A-11R-A13Y-07,7064.726199779912,149.0478344,19.46435516,1183.026528,30.009681,104.916218,15.21719,100.807385,7.304885,198.8475823,21.30956,26.992069815,32.709291,1080.789584
TCGA-4Z-AA7Y-01A-11R-A39I-07,9789.243655787426,168.5512373,15.93353,920.030237,47.374998,119.376657,62.582176,97.554527,10.97368,606.2955360925794,19.501708,71.05478699999999,68.36207,607.552816
TCGA-XF-A9SU-01A-31R-A39I-07,12853.208795193465,111.518454,31.825795,1778.761344,21.317017,203.379578,7.763422,86.928147,4.41625,361.5915246,30.857513,92.939544,117.47032,514.776117
TCGA-BT-A20X-01A-11R-A16R-07,10790.847474386212,151.58008134798,66.6845497,1815.226145,28.445665,79.412601,33.186391,121.853373,1.9003,460.1134645067,42.630582,29.6915337279,63.193452,2666.8834923
TCGA-DK-A3IT-01A-31R-A20F-07,15440.2294551685,206.2030311,35.173792,2701.255462,24.449038,262.2631296,82.965813,119.306326,2.10933,905.235029,35.62029,74.265247,56.2341331,710.09785372
TCGA-FT-A61P-01A-11R-A30C-07,6604.268877458546,113.945450387508,29.7344506,569.930422,5.780021,144.639831,9.0,64.1072,4.21337,488.05992154,25.13989,16.0873108,30.0506835,703.19816
TCGA-DK-AA6R-01A-11R-A42T-07,7798.505724089857,118.5446220958968,33.319196,872.22489013,9.014715,70.8404393,7.630201,91.509502,1.14657,279.7875761,13.424376,22.752182,53.513875,711.965527
TCGA-2F-A9KP-01A-11R-A38B-07,12927.8729051737,146.5147761,25.287729,1494.6854705,26.271434,373.350829,31.552095,87.235639,1.991728,380.9829109,42.3738396,32.863422,104.542328,658.5949167
TCGA-E5-A2PC-01A-11R-A206-07,18220.610556192794,241.37537894,55.6385650411,2193.238844,37.493405,306.952591,38.091211,134.481051,13.20429,2138.854669454639,75.96394,32.9684881,131.849367,2107.3504833
TCGA-ZF-A9R5-01A-12R-A42T-07,20253.89401593187,340.5972877,31.995567,2017.770873257628,38.894174,301.643423,82.57378,218.17005,19.2568,1024.0127532,64.944546,531.593064,157.25769,1303.834105873
TCGA-DK-AA77-01A-11R-A39I-07,9776.326679287307,114.1709856061,28.547213,1625.9194999,6.770417,143.654702,27.889974,130.568405,10.1466,1505.2592391,67.462507,34.95152,54.719675,512.4273628
TCGA-2F-A9KR-01A-11R-A38B-07,16995.09795820259,243.9531137211061,47.552748,2376.976506,73.66921,378.3541971,62.685763,148.322069,13.60578,1966.13860625016,103.96186765,81.931714,206.14531062,1082.279832
TCGA-XF-AAN7-01A-11R-A42T-07,5574.071440743294,103.64511591,2.0,1104.46165,21.939043,59.0836,2.21474,33.064335,7.55117,130.277868,13.85223,13.58851880142,55.327073,310.731381
TCGA-E7-A6MD-01A-41R-A352-07,11816.194346904074,191.52599296,38.6232038,1438.129447,17.3100546,118.421513,34.004182,99.238199,14.8517,710.6592940139475,58.068172,83.766575,83.485651,2476.676958
TCGA-BL-A13I-01A-11R-A13Y-07,9868.342422161,163.8420638,27.038275,1728.731306,13.11806,158.114334,20.789463,83.46966,20.3471,334.72182410161497,37.596387,51.535354,37.918572,972.9080964
TCGA-GV-A40E-01A-12R-A23N-07,15204.60922324411,275.87750446127,69.7414814,1597.19523949123,24.262184,366.048618,87.773703,139.847381,8.083599,1075.8035093385,44.729565,35.5972913922,119.440795,1641.9863815
TCGA-XF-AAN5-01A-11R-A42T-07,6155.610215602268,78.0888898,12.865579,439.336633,10.1709472,91.294297,9.30376,49.590485,1.49788,257.340272,18.859086,34.179332,42.028024,308.7003979
TCGA-FD-A3SP-01A-31R-A22U-07,10800.293339926522,203.651890095,31.2719451,897.222216,22.599058,220.238024,23.714364,107.906727,4.4641,427.2964949072986,31.8158504,30.500209,80.663775,842.4185756
TCGA-XF-A9SK-01A-11R-A42T-07,15407.26596975561,267.208096,34.16693,1672.937567,39.208094,537.2412,27.41645,182.059971,3.45016,1040.684622441631,65.02143,74.153321,111.55089,868.7746920000001
TCGA-XF-AAN0-01A-11R-A42T-07,16925.19651150942,202.659086371,41.579292,1713.3687117,68.954607,368.587417,57.494913,161.864883,5.58464,858.3352998297,38.112349,49.5955427,138.914076,1194.6832510827
TCGA-LC-A66R-01A-41R-A30C-07,6344.032996325586,104.93385319,24.52657280924,568.119574596,8.701052,48.28080464,14.528676,46.358516,1.67615,394.021482,18.0,15.938707,49.340922,496.468847
TCGA-KQ-A41O-01A-12R-A352-07,18031.98956942488,242.154098,40.681931,3206.337244,81.561727,559.056784,38.018577,212.156386,1.85379,859.8925788,119.701097,79.422557,98.000979,1279.51122201
TCGA-XF-AAMX-01A-11R-A42T-07,12958.289143131797,144.718034116135,36.2751470890868,2070.538037,37.1158592,241.510159,49.117732,91.4044239,2.0,389.9165172,51.463004,50.554979,52.216455,1407.2360814
TCGA-FD-A6TE-01A-12R-A33J-07,18224.7479180848,184.342797522,28.890021,1832.5277638,46.370901,422.021194,50.826575,173.307473,26.12628,1657.2218512901,55.3670805,91.150882,101.824415,1104.4391032
TCGA-BL-A13I-01B-04R-A277-07,42912.772463303634,395.46727096,94.98487468,2450.40240610417,254.351619,469.6487611,124.4152317628815,271.9152510558028,2.76485,2035.4349946,254.625123,404.277543,370.405931,638.60939681086
TCGA-XF-AAMW-01A-11R-A42T-07,5663.9111065731695,83.5744293,6.3036187,665.75434,29.155616,61.433949,31.246885,45.544795,0.52597,155.059639,15.0,15.293456,34.236685,454.903292
TCGA-XF-A9T3-01A-11R-A42T-07,5133.603450398562,71.834292,11.883752,480.480871,11.13711,84.996961,20.840564,53.339618,2.83152,399.151981158595,11.37811,13.832784,30.749709,318.900559
TCGA-BT-A20T-01A-11R-A14Y-07,6473.839160438089,128.601786,22.5799539014734,751.852532437,13.301465,115.7035,10.671375,109.1121922,1.00416,506.462602,34.0,50.932577,47.685065,427.0249281
TCGA-FD-A62S-01A-11R-A30C-07,9243.464691928031,123.4055262,19.2675609,1281.742044,30.354857000000003,109.707228,22.964538,72.828656,3.17165,322.982426538,32.49983,29.2635022718,72.051197,852.965015
TCGA-DK-A6B6-01A-11R-A30C-07,10322.249776579794,154.7941377,27.168685,1675.7483966,30.833526,373.291682,38.229829,81.502167,21.185975,1040.656683295959,34.869527,1111.195092,88.158898,813.127828216
TCGA-KQ-A41Q-01A-11R-A33J-07,16277.034232684313,215.197381229,75.7206213,2467.3555977,89.021767,255.188963,42.955771,178.334864,2.678827,635.197843046722,26.0,80.46103600000001,123.961173,869.071327
TCGA-DK-AA76-01A-11R-A39I-07,13139.222627506557,204.110385171703,23.572865,1657.269751,29.239045,541.82106,45.046754,109.65306,4.57496,543.316789805773,70.42175,142.3174973,42.479067,983.03337613132
TCGA-XF-A9T5-01A-11R-A42T-07,10565.451515649764,220.74796809369,623.331231837143,966.83235,8.971185,106.799431,16.0435,60.866098,8.53703,932.371518,24.047046,18.796174,69.685522,1754.9964647000002
TCGA-BL-A13I-01A-11R-A277-07,7050.205192625107,114.460439,25.181349,133.065866,2.643679,6.755588,2.417906,7.627269,0.0,41.642414,8.0,11.42513,10.0,84.720867
TCGA-UY-A78K-01A-11R-A33J-07,14014.226171708991,156.48220021,31.0816303,2382.07530608,29.150882,262.537625,24.526947,147.781586,18.4405,1462.8421195853357,65.239796,109.573033,104.727134,777.1075099
TCGA-LT-A5Z6-01A-11R-A28M-07,18206.75034747205,311.544106444576,58.6793066712,3456.7873526136,46.767083,346.739491,58.711286,115.414353,9.00422,1251.05343435788,146.219042,166.315609,82.203911,1202.3217375724
TCGA-CF-A3MF-01A-12R-A21D-07,26019.68293121133,353.8146658,84.29631619999999,7188.5008064,24.2536,630.366757,21.749098,172.043138,13.209031,897.8767829,47.26402,306.29762,65.8786298,1158.411861
TCGA-DK-A1AA-01A-11R-A13Y-07,13633.723753928449,163.53602264,29.07115,1977.9721477,93.771606,233.377963,88.1077,126.8354019,29.5238,685.274472213351,48.3990285,132.77712,86.69514,843.7863178
TCGA-DK-A1AB-01A-11R-A13Y-07,14484.237967028906,188.7451586,42.772533,1827.2644321,62.584045,169.843131,52.814536,81.181167,13.2628,1315.3852703166024,63.81153,37.81122241,111.901283,1127.619588261846
TCGA-BL-A5ZZ-01A-31R-A30C-07,12130.720769468144,309.76108097,85.0592450918958,1801.383048,10.22663122666,107.643107,19.955632,121.511892,10.8302,293.8283574178092,70.693159,18.998881352,35.094325,717.16711376
TCGA-KQ-A41R-01A-21R-A352-07,10486.073405221458,147.1213617,78.3060491899,2664.446038,12.843109,430.9786516,28.036639,149.63444,8.48451,743.486804103899,29.392914,32.343361,136.42793,646.0809941
TCGA-BT-A42E-01A-11R-A23W-07,17947.14869540789,340.654452788614,41.285612,1302.453251,44.405702,205.334684,22.752039,135.729169,7.82305,925.15382387,25.903351,40.277956,103.615217,1233.5270849
TCGA-PQ-A6FI-01A-11R-A31N-07,10704.134063165631,239.3726723,43.327833076,1288.844864,14.499025,301.578767,15.983907,130.097193,2.17837,226.636168,20.6090575,8.9188763266,55.839294,2206.39889619
TCGA-MV-A51V-01A-11R-A26T-07,10651.808059593142,157.9053121,29.752065035053,1414.923762,36.645955,135.291091,17.544244,97.113676,19.0449,650.7036926,41.852864,59.984708,57.458488,830.2168367
TCGA-BT-A20O-01A-21R-A14Y-07,7222.174214468464,130.63819598,19.807876,753.961322,17.961964000000002,70.93148201,13.577225,64.2032199,0.0,202.125533,48.152759,15.18474,54.329784,922.681221177
TCGA-FD-A3SS-01A-12R-A22U-07,18282.037837815424,305.8297485775499,46.62897,2412.0442036,43.574164,338.570513,40.09674,150.00639,2.89248,1138.5260902,68.16917,65.269809686,134.196272,1475.394140988
TCGA-FD-A5C1-01A-11R-A28M-07,9153.907691381492,125.305443,15.4518731,795.773643,10.81898,155.262544,10.0,154.57185,6.62651,786.858265,20.02282,73.411137,45.90927,1129.4269665
TCGA-E7-A678-01A-11R-A30C-07,7689.3113031526,119.3573114747221,9.8942031,2417.942752,32.33565,287.5378426,40.583837,100.93429,33.954031,631.587957381051,60.59842,310.00673,83.346608,539.7862842
TCGA-FD-A5BX-01A-11R-A26T-07,8278.095793486,162.0421690390172,33.609789,1399.2221653,22.509108,121.171005,16.0,102.982038,16.99385,475.781412,13.21302,14.318596343,77.06169200000001,651.120657
TCGA-DK-AA6T-01A-11R-A39I-07,12116.09071400878,231.8019510130225,38.532506,887.9199610000001,28.898527,330.390431,17.087143,162.569642,26.9176,311.823281,39.152202,98.459152,49.030823,918.8514224
TCGA-YC-A8S6-01A-31R-A38B-07,7759.444437546816,89.6694434,9.277554,907.830744,19.548722,117.146548,11.0,59.3244496,16.5556,328.8054988,36.892447,41.064295,76.5171094,789.0400559999999
TCGA-SY-A9G5-01A-11R-A38B-07,10691.33430233531,139.79379645,21.7048933,906.8023147,21.24506,264.86664598,14.207731,94.3187574,1.17012,1117.5468566,32.271766,69.386939,69.926709,858.2172459650001
TCGA-CF-A9FL-01A-11R-A38B-07,12201.8433593516,162.06290909999998,28.382741927,2250.899916,45.608662,208.219371,12.121731,141.991768,11.07622,508.134349,37.416999,92.144606,135.518366,566.2942
TCGA-CU-A72E-01A-12R-A33J-07,13726.168244588453,159.55788489581,24.424215851798,1365.4103885,61.928554,147.622679,43.684743,124.697079,32.2368,548.816791,34.312551,79.242152094277,122.095052,1525.4115487
TCGA-C4-A0F1-01A-11R-A034-07,7191.664534009935,154.5024489,17.292763,1964.851823,56.972563,45.090179,28.52219,137.49513048,0.0,468.6338765705,34.46643,95.0274810180517,37.986868,1999.642959
TCGA-BT-A42F-01A-11R-A23W-07,12880.894316438922,308.65962738394063,83.862914,1155.2947507,21.882447,124.9487874,17.695735,79.868696,11.0029,526.89356398,28.27251,49.35034451081,67.163831,1610.589013
TCGA-E7-A5KE-01A-11R-A28M-07,15168.131803625887,266.478839162792,24.475249,1506.81305633038,95.618018,415.435565,40.873939,175.4754,9.8169,709.2884759,45.77848,44.387625,148.4031667,769.841787
TCGA-E7-A7DV-01A-11R-A33J-07,12087.310770864788,230.8412283,50.10541,1649.813318,49.81335,299.826944,16.605959,154.615164,49.6382,1073.055842009001,36.381414,45.192921,102.575794,861.5150231
TCGA-FD-A5BS-01A-21R-A26T-07,5883.22738128123,120.667199,25.441616,756.676334,33.21265,104.296056,15.442082,68.83336,13.95,774.067181,16.656038,29.0198,80.783345,843.6659178
TCGA-KQ-A41S-01A-12R-A33J-07,10583.7173588805,168.4404652,17.208856084617,1313.511902,41.612346,220.410773,30.837511,121.087467,20.2782,667.9567644,41.509248,149.061062,102.564019,788.582091
TCGA-CU-A3KJ-01A-11R-A21D-07,20086.94924207003,450.15800873321,55.699983346,2713.3020537,79.413146,151.918458,39.0946499,176.988602,4.93915,494.900277382,75.139048,52.315824,188.5966294,2476.6977787
TCGA-BT-A0S7-01A-11R-A10U-07,4411.687395198895,81.8368025,9.5539380462893,503.677197,7.191978,61.097637,11.0,60.96839,1.821586,114.949156,36.0,6.788539,17.100133,400.830267
TCGA-CF-A8HX-01A-11R-A36F-07,19409.83239563859,230.083562712596,65.0161999,2373.933919,26.642505,634.013831,33.834119,241.780785,49.674,845.107384,43.236092,229.676338,231.576475,1027.049424231303
TCGA-ZF-AA4N-01A-11R-A38B-07,10726.743092949531,153.6043807,38.672027771745,924.643059,19.745204,71.439801,5.87594,86.276935,0.0,502.357524,31.259168,28.139852,64.77921,1308.287105
TCGA-BT-A20P-01A-11R-A14Y-07,10530.3254858935,130.6211474,12.2609246,1536.304478,36.28605,232.8231279,36.620378,90.85527,6.545532000000001,521.5145996,29.976806,236.596162,90.670914,511.9583908
TCGA-S5-AA26-01A-11R-A38B-07,15273.247420397922,241.940763363,37.6824118131903,2098.2431768,38.08903,461.468311,31.470915,169.43511,16.9293,884.5511890541891,98.001446,193.194939,170.403244,1202.0796994
TCGA-UY-A78O-01A-12R-A33J-07,19440.66525897871,429.1621689263825,133.6221694175748,2405.800344,43.150688,403.780429,29.448404,127.629578,25.5574,1224.740150033899,54.236656,99.953523,112.561854,983.5076302
TCGA-K4-A4AC-01A-21R-A26T-07,8227.286280254852,160.40653,18.744459,654.60929424,13.702987,70.701686,14.562797,71.727958,11.34729,891.859767,22.79457,56.72795,53.553594,709.2704356
TCGA-GC-A3RC-01A-11R-A22U-07,7586.6565767985,83.24884606802,14.60239,1741.106764,16.621976,147.779356,31.359678,105.26508,0.0,473.6357726,41.47214,26.495074,22.15043,878.547789436
TCGA-C4-A0F6-01A-11R-A10U-07,6484.49785465183,69.349315,12.83470813,1300.359256,6.611676,58.422793,27.1480614,35.491544,3.47006,361.346652,31.79537294,75.58507599999999,67.870946,351.860955
TCGA-BT-A20J-01A-11R-A14Y-07,8210.520633471155,218.092748,17.596581,933.38248,43.014388,162.97596,14.00356,50.599694,41.8528,268.4895633402,29.256671,23.56588002,43.7777965,1118.2246653
TCGA-E7-A4XJ-01A-11R-A26T-07,12601.035308245137,203.4280215,27.3451677,3384.674921,40.395555,370.848838,6.9984,127.00573,35.0151,424.243648,25.58984,68.994224,168.721305,638.18368576097
TCGA-E7-A3X6-01A-12R-A22U-07,10071.18881034114,137.8157836,13.7859913,1003.251569,32.463866,169.39504970000002,34.756357,97.070983,1.54835,973.2970765,62.653035,32.45954,56.185826,807.30803572
TCGA-K4-A4AB-01B-12R-A28M-07,9322.810898701337,115.992874,10.873165,1189.94750938964,33.152417,204.225766,28.578521,86.4120286,5.14149,595.596557137,24.2835188921,60.134449,60.725414,941.1122955
TCGA-XF-A8HD-01A-11R-A36F-07,19179.1095506126,332.66933881,73.7247637923048,1432.792996,82.462206,248.153443,43.872394,126.366371,43.6515,1922.31295,69.366711,200.929946,125.53126,1129.47389687
TCGA-FT-A3EE-01A-11R-A206-07,16043.88098926187,169.9613210641,13.3596748863,1501.6259311,43.112947,250.6861018,71.703881,127.106486,19.4167,426.0683506,47.343298,45.0986327,78.867309,1107.21969044
TCGA-BL-A13J-01B-04R-A277-07,44999.74530047781,289.9964241,55.6018839,2139.233174448044,243.671603,545.33285,193.0295186,314.005054,4.64344,2642.95191115,225.581674,832.6969509,533.0873770000001,725.89161113
TCGA-4Z-AA80-01A-11R-A39I-07,9516.80320964995,116.4902061287715,30.038655,1407.307395,35.927711,140.759979,16.241023,81.03510299999999,1.13983,496.600074,24.901585,11.711651,38.182595,1242.9894441
TCGA-BL-A0C8-01A-11R-A10U-07,12574.572552098149,138.3458206422,13.038991,3284.943615,38.301805,415.178636,78.041756,72.563518,5.6405460000000005,905.72635622,40.326234,53.9350047,69.827513,581.571952
TCGA-BL-A0C8-01A-11R-A277-07,25083.15601431596,233.4251569149122,18.668353,3987.365105698,89.928932,482.200778,145.061276,120.7928,6.99709,1145.3077674722606,127.6904581,187.6982748,211.072794,641.88308323098
TCGA-K4-A5RJ-01A-11R-A28M-07,7942.30483485754,158.2263144,24.7073666,1138.497035,20.597219,107.2269206,17.396308,65.1480822,26.13454,427.305814,40.21460004819,19.4019540103258,52.950263,1121.630539
TCGA-XF-AAMG-01A-11R-A42T-07,14932.505751251634,253.0995999738948,41.603389,1974.6211542,50.6219250162828,152.637808,62.324973,168.37092,27.23927,1039.284158,81.733106,364.659645,252.729877,1260.2605225
TCGA-2F-A9KW-01A-11R-A38B-07,10629.551937257522,141.2273091,25.486032,990.7810213,33.153827,240.859356,40.115784,74.56326,9.17985,434.0624680233336,156.724335,14.9343760781731,48.480303,801.1092215403
TCGA-FD-A3B5-01A-11R-A20F-07,13863.455812912553,166.5129454167,58.516894,1499.27429,53.278248,141.197286,35.182473,134.302476,0.0,400.66439432823,51.41872,122.916369,65.395522,1643.512979421082
TCGA-4Z-AA83-01A-11R-A39I-07,10926.288106703594,120.7836446054231,28.5326335,820.026876,32.038732,334.162421,20.750657,151.8573441,11.35162,718.923725,24.944577,421.834105,91.91424,691.64473342
TCGA-CF-A1HR-01A-11R-A13Y-07,8259.990306620799,115.866518,20.018006,1043.135061,25.792568,141.950203,68.812201,83.396902,10.42915,811.9380126,18.0,44.798484,36.373621,507.3516513
TCGA-FJ-A3Z7-01A-12R-A23N-07,17343.059649046667,266.5092710717759,45.2145420274621,2676.8146297,172.629109,404.477813,71.801083,244.37232,39.3643,801.79357781313,63.9863,114.883127,114.425448,1273.9228914
TCGA-G2-AA3F-01A-12R-A42T-07,15853.690827183318,216.010617168,31.0567712,4158.2897116,43.499236,264.745294,50.389093,124.211588,2.07216,462.576587228,36.337396,62.819587000000006,119.867295,845.214905513013
TCGA-UY-A8OB-01A-12R-A42T-07,7309.894696984283,140.50694431079,54.712373,650.204071,10.73586,114.098657,8.604017,48.514857,2.92244,536.778267,11.0,53.470449,31.25264,581.568909
TCGA-KQ-A41N-01A-11R-A33J-07,18352.72933522241,263.0526546728932,71.794864,3287.167094,202.460033,484.415751,33.16048,217.615353,12.4523,2443.3565215,92.236977,106.707609,150.22026300000002,1572.533404
TCGA-GU-A42R-01A-11R-A23N-07,20332.819801482092,274.4636293,42.9375836,1417.616912,65.302293,587.250174,89.89544904,163.719638,10.917,1345.29115198,103.719492,67.6818533874,160.650518,830.953274
TCGA-DK-A3IL-01A-11R-A20F-07,21241.781364360253,296.2923397,37.2979102624904,1793.362606,26.8168149,346.8536094,38.830335,141.958724,0.0675925,826.2018050159558,94.649251,49.5304516,248.391657,863.1372343736
TCGA-DK-A3IS-01A-21R-A21D-07,15133.012487125688,175.151283,35.1650215,1618.759253,25.838857,166.054922,41.154435,114.979343,19.8715,1800.035164779,66.604383,60.6690422,93.012771,855.7262654
TCGA-G2-A2EF-01A-12R-A18C-07,30013.379188986164,597.314094452,116.8669409,2689.52379,68.899777,435.355229,67.38379,405.993817,22.7103,843.736647841927,140.017437,102.0052321,148.4257935,1740.720134
TCGA-YF-AA3M-01A-11R-A42T-07,6075.089524088051,133.190042,13.795548,780.7074868999999,18.879373,132.854851,7.0,58.243015,0.139154,270.860478,38.034504,43.57806808,24.9088,578.3642196
TCGA-E7-A8O8-01A-11R-A36F-07,11848.19795566098,150.4254365,42.478972,1404.907562,26.018365,315.259275,11.769484,136.320162,24.9128,686.981053,21.753433,116.794939,81.238987,462.8418306
TCGA-XF-A9SV-01A-21R-A42T-07,6447.96942584319,58.9723666013,27.974083,888.719081,14.754231,162.113581,13.14189,38.9168,6.03228,347.814146,6.42989,29.843145,36.0779574,261.232323
TCGA-DK-A3IN-01A-11R-A20F-07,12520.908067232203,140.0451897,21.213390673,2940.06581494,15.795074,176.531217,37.544658,118.9195744,7.16115,444.80902145894,31.576788,31.454607,108.792824,2342.4136710743
TCGA-ZF-A9R7-01A-11R-A38B-07,23029.67201110853,413.600791841419,140.21634882,2341.893138,55.667087,500.685698,28.106874,181.593109,7.80357,1344.6550934,75.49002637,91.316259,137.8506674,1365.7984863
TCGA-FJ-A3Z9-01A-11R-A26T-07,11837.68657405689,226.92145917,27.404031,3132.467016,36.725114,199.343681,33.142339,99.613687,5.62315,501.61755924383,32.50482,272.80785000000003,96.106845,804.550379
TCGA-G2-A2EL-01A-12R-A18C-07,18601.852309990158,298.01686605386,66.672304,2821.688095,36.457222,193.653038,44.950854,227.830344,2.94884,449.6382422,200.818469,46.10933583,95.919888,1136.7749973
TCGA-K4-A6MB-01A-11R-A31N-07,13752.85745854535,201.1325123,39.987301835152,2155.3963043,41.56037889,504.884785,47.577669,130.629495,3.72623,1486.46148291,64.026659,170.814259,407.10267,1024.0952344
TCGA-E7-A7DU-01A-11R-A32O-07,9711.270277979009,130.9997142,20.362826,2123.970186,40.819207,265.077468,29.979988,86.495719,11.6852,695.222683,56.656525,369.321644,103.171523,588.7894549
TCGA-FD-A3SQ-01A-21R-A22U-07,12434.874095823916,224.915466109433,19.64592965,1502.649904,93.9019041,282.198857,85.670702,122.552704,2.03727,802.8195407692,47.5078,136.058349,73.612679,1093.93965656
TCGA-YC-A9TC-01A-22R-A39I-07,16108.075331428188,268.229044,34.2065403,1821.87643,70.27063,240.2649303,21.195893,314.071282,10.8691,383.1526746,62.507286,94.5214671,112.290086,1097.3732054
TCGA-4Z-AA7W-01A-11R-A39I-07,8636.37066647,156.03602899999998,32.674128489,1070.070128,10.321111,148.53849,6.837376,259.2944118,5.83113,818.917036,12.87856,29.041096,146.653136,739.640208
TCGA-BT-A0YX-01A-11R-A10U-07,7163.340329548129,84.8744365,18.748112,679.269667,28.002949,58.267219,17.589101,58.44576,1.82859,320.872737119315,32.189096,20.126089,25.968447,441.39106202669
TCGA-XF-A8HC-01A-11R-A36F-07,12461.731320539771,178.83771624644,27.17273469,1706.3520361,17.860895,306.552448,39.251025,97.200193,1.83915,1087.7710188,41.281173,73.057278,59.339735,627.528793
TCGA-XF-AAMJ-01A-11R-A42T-07,6940.87133391831,88.277007,16.266368,1238.186565,24.790719,163.184068,13.996817,67.65685,4.34518,291.2524285,30.1079,42.029925,20.03692,3307.1775527
TCGA-ZF-A9R4-01A-11R-A38B-07,12895.80457101345,175.173182,31.3573584,5300.9335360000005,45.522822,394.465316,31.475496,92.4333069,6.12462,1134.286044,92.519321,100.579496,237.233632,961.5612219
TCGA-G2-A3IE-01A-11R-A20F-07,28004.534355283664,442.4334069407108,80.808184,5111.093682985,47.867114,752.148185,47.1111981,139.806769,22.6159,1145.2198480133086,93.095686,197.834504,305.15382,825.460659
TCGA-DK-A3WX-01A-22R-A22U-07,14808.413214882834,377.035961,219.72456767,833.040152,23.164785,123.397817,33.10566,97.412501,0.0,339.2318453,56.40989,31.629768,53.371384,976.593577
TCGA-FD-A43X-01A-11R-A23W-07,21800.6358659967,190.5323948,27.087939,2371.118844,39.0886015,512.0535177,79.603657,181.017479,58.6657343,895.016084,94.805,323.25684800000005,244.8146142,1439.67412293733
TCGA-DK-AA6X-01A-12R-A42T-07,11442.982862190029,144.189049538,34.7837808,764.323381,30.099974,287.919954,34.368623,117.2593,25.4402,631.9904706593001,123.278676668811,39.606735,48.498361380971,555.6595171
TCGA-GC-A3RD-01A-12R-A22U-07,12607.400391731257,137.7281366,20.276953,1559.38232766,20.025576,95.466859,29.97637,109.43042212365,4.985860000000001,671.8901319,42.413395,135.7335981,79.860207,5351.0307892
TCGA-C4-A0EZ-01A-21R-A24X-07,16861.44626785024,393.4580851215653,58.054371,2711.092874,23.506807,408.0385614,30.691431,264.528837,11.3718,464.607006,71.9899,34.65849315017,52.27611,2423.583755
TCGA-K4-A3WS-01A-11R-A22U-07,14370.387408836385,200.6378951,42.148026697,2471.85183241,51.0799292,279.292211,30.180479,134.13943,4.2069,951.38119120017,74.906931,39.760183,200.727168,1020.7221688
TCGA-2F-A9KT-01A-11R-A38B-07,18295.707425310746,242.0323431,56.600419408696,1043.898688,36.292331,193.234305,17.588222000000002,134.7359,11.14255,669.502366,43.051626,62.559499,77.07441800000001,881.2022132
TCGA-GU-AATQ-01A-11R-A39I-07,5892.714739672873,83.537953,15.4199661155839,467.038372,10.599939,62.477812,10.626154,32.593351,6.82269,527.9029104,14.31544,11.674613,35.628514,700.8669171
TCGA-XF-A9T0-01A-11R-A39I-07,12734.29387868827,156.489803,28.218216,3074.870707,34.528784,196.6632931,180.837734,117.394191,16.0718,581.168031,51.789599,33.000585,65.297324,903.8904162
TCGA-GU-A766-01A-11R-A32O-07,13465.02929830772,198.530692,96.1090731,1095.207446225,23.884443,124.154055,12.9114,120.29720942,13.9840698,594.861358,72.159294,37.827363,122.000064,1343.667197
TCGA-GV-A3QF-01A-31R-A22U-07,15318.335119709782,204.842666,23.4211190247909,2391.3785716,81.010496,429.814776,30.601372,52.414848,4.8313832,753.480501,66.159694,111.697502,74.009135,1504.322337
TCGA-ZF-AA5P-01A-11R-A39I-07,10530.409087194,156.6072527,26.7751144,1372.737039,20.28883,105.106876,31.551792,89.658565,2.436812,446.6483710142495,40.053932,54.413506,45.702353,764.1743273999999
TCGA-DK-A6B5-01A-11R-A31N-07,17994.271369946386,213.0936613,81.4623814,1401.4137898,46.5175044,324.998562,30.044715,289.987488,11.3533,1459.0273652,80.967883,85.586962,203.513078,1498.83918904
TCGA-CF-A27C-01A-11R-A16R-07,17794.36203429881,215.6702813310255,29.339577,1997.7673666,47.2131111,377.4655458,83.264479,217.094349,27.463453,1340.521264198929,97.975497,419.418081,118.21347445,889.2427577999999
TCGA-C4-A0F0-01A-12R-A10U-07,3456.976168723656,82.3135408,9.526806,573.956183,8.861551,17.277346,4.33184,33.200026,5.72702,74.395292,8.0,12.51277,9.02384,177.415633
TCGA-XF-A9SJ-01A-11R-A39I-07,10172.87936314419,136.38467333,30.90924458,963.388086,15.33041,218.415056,8.821375,96.389741,24.3552,945.48013,25.229244,91.289158,113.804848,684.6669244999999
TCGA-XF-A9T2-01A-11R-A42T-07,6093.481986531623,84.308572085,23.2552734,703.2461478,11.2361861,115.717451,12.661741,98.98582,0.616087,207.098694,19.19999,18.454517983,22.91753,420.8730760558
TCGA-XF-AAMY-01A-11R-A42T-07,9422.849322538836,172.1436554719541,17.451929,1490.034114,26.384405,139.3775280918553,46.914918,85.305473,0.856426,555.983617249632,28.299005,16.673098,57.998431,637.316876
TCGA-ZF-AA52-01A-12R-A39I-07,10976.655339172396,158.633195,56.4890889,1290.5400073,12.467383,324.655365,22.8312920272317,105.422122,3.07651,539.690863,25.726705,59.405998,63.623081,762.861949
TCGA-FD-A5BY-01A-31R-A28M-07,9136.293726622856,168.05900400000002,16.155391,1702.3814676,12.629533,221.011124,19.421364,129.647325,1.92595,806.247502,26.86387,95.20978093,41.48234,1015.366140424
TCGA-ZF-AA56-01A-31R-A39I-07,9479.68349144059,149.9636308403,18.243868,1130.960281,20.567032,120.917067,21.32204,74.917524,13.2726,472.061772,51.025078,37.90565,35.048575,864.2769835
TCGA-FD-A6TI-01A-11R-A32O-07,12476.06430826638,127.91138047,12.233483,1649.829679,47.389591,127.779287,94.805408,82.229395,0.0,983.7228060271058,56.81943,23.441583,41.728864,1015.0101078
TCGA-FD-A3B6-01A-21R-A20F-07,12428.479505034107,196.07204904762,33.1706,1580.179636,23.830823,158.871693,31.53534,118.993172,9.08719,738.406211942714,23.444178,37.2874566901,117.549903,926.829215
TCGA-XF-A9SM-01A-11R-A42T-07,9248.674186778171,170.763168,26.24185,1422.733158,11.787524,177.768608,16.608614,70.800854,4.77871,532.16504658445,36.72672,33.184227,105.77893,805.1076302532974
TCGA-4Z-AA89-01A-11R-A39I-07,11352.104517007294,150.4248047433,12.235792,1621.088284,62.0846800303452,226.090606,44.8893917,99.2286445,23.5699,978.683087,60.057596,113.780038,94.976435,857.8716699
TCGA-SY-A9G0-01A-12R-A38B-07,8560.667625052267,120.7925700987,15.925115,1144.702286,15.165369,187.292187,30.899695,81.251944,7.04329,278.3160807708833,36.28985,20.356381,63.324325,436.1019186
TCGA-H4-A2HO-01A-11R-A180-07,11577.45931890908,150.4498945651,28.1696403879,3133.2789,23.739192,271.598711,66.28371,77.516234,28.853257,844.3240183977211,35.273595,78.837894,157.998975,591.059194
TCGA-FD-A62O-01A-11R-A30C-07,9186.256910657965,122.8791333,11.334802,1580.2781124,20.81331,157.3020655,36.244803,79.73937,0.0623442,515.6289390000001,15.00561,32.0571087,35.162316,820.000145
TCGA-GD-A3OS-01A-12R-A220-07,26443.32931874757,596.9208512831,124.356804335856,2326.1776091,47.119337,434.765059,42.968287,179.768462,7.27272,960.6120341574388,128.939885,94.160741,240.562714,2414.999349
TCGA-ZF-A9RF-01A-11R-A38B-07,10112.38644580613,171.7188691,28.4702403,1221.4388784,24.862437,153.31964399999998,7.27176,76.722988,11.318375,371.41477,53.308165,33.087288,83.169228,1452.341536
TCGA-DK-AA6S-01A-21R-A39I-07,10357.71677562245,158.280403,26.11903318481,1179.620219,18.718858,276.42698,9.843971,82.422355,26.3111,713.8438170000001,31.269371,63.619058,89.626805135754,1286.956334
TCGA-ZF-AA4U-01A-11R-A38B-07,10157.669982048768,150.7304916933,19.152390600518,1190.7799355,45.594905,167.230947,15.540769,84.9572952,9.289394,803.1556853246592,51.496652000000005,80.488386,54.853988,733.96592
TCGA-E7-A519-01A-11R-A26T-07,17738.55929742786,242.6478221,74.55247798282,2708.525894,22.396274,595.336548,58.3464,106.790725,24.3144,1398.761415,24.324881,752.503025,123.498918,299.9463782
TCGA-GC-A3RB-01A-12R-A220-07,12784.570674514054,281.57187853576,19.18397,2116.474138,20.948155,167.2061848,36.008458,110.610003,8.8663,1157.278787022826,62.114369,37.84669,84.498679,801.3589553
TCGA-CF-A47V-01A-11R-A23W-07,19236.88332857476,251.5404008126422,43.4624602692,5003.3128681,45.493483,480.681278,50.624086,174.77017,31.57215,1282.813838593,41.546296,214.416859,266.063738,1061.29685454
TCGA-E5-A4TZ-01A-11R-A31N-07,18411.850208886583,322.323277,29.8011187848,2311.6271261,62.761263,287.69382,40.923957,129.5878448,7.16804,759.766383616415,82.219693,272.793089,66.217015,1113.1822336
TCGA-CF-A7I0-01A-22R-A352-07,13234.243300549788,176.83999257,19.782465,3059.226224,29.858908,409.666829,62.077867,132.666805,18.6160484,893.526143,40.978104,208.321469,104.223059,751.068897
TCGA-XF-AAME-01A-12R-A42T-07,11959.001936781246,172.867074915392,20.949804,1441.403832,18.78433,242.8789224,36.678258,114.452887658,26.1619,586.3826177,90.283102,79.22075369959,73.159882,971.5619483
TCGA-G2-AA3C-01A-21R-A39I-07,9967.978615538632,212.9582327,51.8036255,1383.581636,20.7924,239.934066,17.131515,85.7062,31.7157,457.5938390678165,20.62662442,42.817006,101.642027,504.8900545
TCGA-GD-A3OP-01A-21R-A220-07,15108.588542371328,247.0084339,20.611755084,2689.181414,44.6124953,325.410865,94.275152,121.330179,12.9148,912.385415,79.973278,62.4376,83.406423,1076.009593
TCGA-ZF-AA4R-01A-11R-A38B-07,9681.999255723962,208.14802963,28.360194,1562.45548,35.314858,253.144427,27.686947,93.617988,6.06636,591.1786652755289,41.288883,43.384494,53.970474,676.403759
TCGA-BT-A20W-01A-21R-A14Y-07,10127.381866518082,123.8407399954724,20.307085,1619.9451531,35.922153,190.72263,29.944202,76.433261,4.80029,734.7608887,34.49381389909,40.53206,53.122685,672.1003584
TCGA-XF-A9SH-01A-11R-A39I-07,8064.776688006415,87.15441440000001,7.4687861,1175.211769,22.961274,152.645119,67.951867,56.199693,2.1949300000000003,696.1384380488017,22.0,165.223603,31.000415,1319.70557203
TCGA-GV-A3JZ-01A-11R-A21D-07,17345.46985525921,318.3727374,33.8485986,2005.1338996780808,226.023516,306.980473,46.230173,155.857793,48.7364,1459.9983519999998,47.395897,54.911451595784,193.249529,1320.571481
TCGA-YC-A89H-01A-11R-A36F-07,11025.306914977393,101.2484275,20.263614142349,1799.319436,18.123527,266.730987,10.84445,75.2781429,9.90868,374.9008700800279,39.2878,60.147404,87.647738,629.875292
TCGA-BL-A13J-01A-11R-A10U-07,7020.380278635736,103.9015912131,10.458086,909.009913,16.225035,73.970951,15.221342,51.955061,0.0,284.160435909,10.7576966,19.7555735,60.51951,447.491045
TCGA-BL-A13J-01A-11R-A277-07,19476.45527021217,176.3255054,23.8158620665454,2599.194817,97.0680269,147.2750904,50.016879,101.26446032,0.846547,641.72659498078,68.989882,163.327171,163.57368897,396.5602461
TCGA-XF-A8HF-01A-11R-A36F-07,11809.640595437042,136.7674733,90.41336183055,3787.353388,11.918815,288.87994000000003,12.0,109.3356538,11.321907,651.546799,31.36268,64.003615,174.487345,801.4002622
TCGA-DK-A1AG-01A-11R-A13Y-07,17401.274775065427,207.447737,30.88240057,2792.518543,49.964411,427.18874,84.218577,162.07529,45.0602,1060.3460388,79.4951149,97.177653,162.961627,944.573347
TCGA-ZF-AA58-01A-12R-A42T-07,12547.078435367575,207.9415531,61.67480521938,1199.515497,17.834531,271.207379,19.802821,132.566223,25.24548,619.7651339689,34.474744,38.839139,202.466602,1517.360339
TCGA-XF-AAN2-01A-11R-A42T-07,7748.655114337042,157.79308878,32.84439204283,387.218204,10.796948,117.7961035,8.852028,34.500337,0.369887,704.7039695330029,20.48536491041,44.615788,57.983545,832.790573
TCGA-E7-A677-01A-11R-A30C-07,22844.31870799436,369.995868,63.399878,2840.570235,422.519871,831.5166651000001,50.066715,182.885309,22.753773,1289.33646493,56.98986,62.654095,192.590267,2508.9932156
TCGA-XF-AAN4-01A-11R-A42T-07,8575.309699645932,82.2842704,15.502514,852.985567,9.32334,151.7097863,35.948387,82.497656,19.53177,401.6155831,38.98054843,38.054587,42.581234,495.206564
TCGA-K4-AAQO-01A-11R-A38B-07,11841.378062025604,148.444408,21.1988704,1455.656461,14.099886,193.61394,53.612064,139.917197,30.51933,510.9384357899,23.0,51.555706,59.836358,501.1674388
TCGA-UY-A78L-01A-12R-A33J-07,12439.395610286152,292.11329,35.3605023,1447.8688479,29.7140665,117.370283,25.821877,125.83265,39.4101061177,621.195981889,87.165941,41.92623,171.61201899999998,785.945886295419
TCGA-ZF-A9R0-01A-11R-A38B-07,11420.866695762452,150.518688,31.6495907,2566.313904,23.783891,283.338857,23.749469,105.80949812,11.465422,756.577184,30.7521806,60.940350143441,179.94880404069,594.150514
TCGA-FD-A6TG-01A-11R-A32O-07,10667.340135752249,128.252799136,17.7071430181914,1265.418613,42.645574,156.378067,52.183795,87.953296,0.328444,512.063997,50.827188,41.750968,55.807684,900.1377823
TCGA-XF-A9SY-01A-21R-A42T-07,8074.870796510104,102.9183901,13.0667103,638.07127,8.554843,39.6505594,19.600335,70.724424,7.25111,126.3364099,50.8498999,16.1584008,27.773696,842.7026979999999
TCGA-ZF-A9RL-01A-11R-A38B-07,14464.471159794524,178.20573946,24.797791,2727.5633589,29.30356,338.245523,47.0061606,134.046297,23.57312,893.6801373000001,49.902824,75.041293,141.7878529,766.303445
TCGA-GU-AATP-01A-11R-A39I-07,11701.130297855803,159.488754,51.667545,1545.20324,51.064946,242.5380049,17.067087,135.902551,6.14815,1030.4895643,26.415076,84.9317134,125.3981708,745.1163091
TCGA-DK-AA6Q-01A-11R-A39I-07,11074.34099223474,151.147724,32.87922978,1045.72959,27.426823,319.997239,22.233487,121.101245,8.24278,655.614222050271,34.319299,82.146061,80.229749,793.1745947000001
TCGA-FD-A43S-01A-21R-A23W-07,14235.468591688645,303.286069,88.1689989052839,2404.088431,48.535985,387.405838,24.572321,142.021979,31.8956,1163.616779,49.86855,292.212512,135.407633,819.8068518
TCGA-GC-A3YS-01A-11R-A23N-07,12789.48832915648,317.6179604,32.0489843285,1484.7201011,33.954207,347.47735,13.056945,122.609092,49.41603,438.872035796319,56.832788,51.139479134,116.38544,895.76096480919
TCGA-GU-A42Q-01A-11R-A23W-07,18483.364226723632,598.0205550192,122.8641923913629,1541.65312196,39.936358,59.0236942,36.953363,107.9591798755,3.10126,709.3762569,36.5985500370129,58.799541772,76.107592,1730.44243743
TCGA-CF-A8HY-01A-11R-A36F-07,15061.950607269511,108.430628,27.4017313,1303.993727,11.524139,218.18992,19.826998,148.48277,17.475649999999998,784.702781,84.0,455.536574,94.83304,314.688054
TCGA-E7-A3Y1-01A-11R-A22U-07,15199.684575999012,273.001165,31.3840166,3348.066078,47.292063,402.453262,50.591999,177.861998,18.9201,1247.395819,56.537557,280.332902,305.318625235,821.22650748
TCGA-FD-A3N5-01A-11R-A21D-07,20509.57208656796,496.2997831,63.0246246777973,2128.165566300047,27.0315102,180.527582,25.469716,119.559655,2.0719,476.87012135425,72.7190044,58.290615,64.55234899999999,1447.839094
TCGA-4Z-AA7S-01A-11R-A39I-07,12862.199421666226,154.1726467,15.5496395,1783.8622716,17.259192,251.689086,44.798587,104.260845,51.5227,801.0254781,35.724254,117.745621,67.468395,674.25637
TCGA-FD-A5BV-01A-11R-A26T-07,9366.598510096184,185.6014999,35.8110260660554,1299.1857084,20.7014146,99.817104,17.0,146.608552,16.843519999999998,891.526898819871,34.4285,169.740948,41.39883,701.839728
TCGA-CF-A5UA-01A-11R-A28M-07,13177.9459578726,220.6671329,26.262615,2277.98325,11.161662,583.9255899999999,9.0,97.32698,47.0707,1528.568474,32.196600000000004,113.656208,69.77746,556.281841
TCGA-FD-A3NA-01A-11R-A21D-07,14903.087135208192,199.7538414,57.156798,1720.735046,44.699675,149.599971,15.469023,160.4790287,9.49815,792.9172113899,41.635151,217.905898,83.6334770764828,932.2283086
TCGA-ZF-A9R9-01A-11R-A38B-07,9686.65695738371,85.3703094,28.958484,1643.399117,22.83631,242.225798,18.0,136.9695884,0.0,525.471146,31.984411,37.102095,43.671922,739.271725
TCGA-E7-A5KF-01A-11R-A28M-07,12237.434351168802,207.155383,14.6859121,1840.620882,59.759242,204.098036,55.717803,121.66928,7.24414,704.495250178064,106.409363,326.535406,102.588146,859.4452417
TCGA-4Z-AA7Q-01A-11R-A39I-07,12544.216726021896,262.475944,34.8959001,2099.14745625,72.069894,238.678606,21.403771,104.860184,9.44587,792.304755463259,62.240875,85.028069,108.083497,1404.4050743
TCGA-E7-A6MF-01A-12R-A32O-07,11447.762273058312,128.0847868014846,12.140808,1505.2617944,62.247079,363.766968,196.355075,107.936031,7.98171,513.0642473,57.224952,21.389336,84.212534,1145.840703
TCGA-FD-A3B3-01A-12R-A206-07,16441.76064962871,242.611076313854,35.327877,1764.361423,29.766212,138.388819,21.753692,126.64321,4.898,395.454095991,35.455629,39.304672,54.444278,1801.991616
TCGA-DK-AA71-01A-31R-A39I-07,8929.512829839003,128.4658061,12.783572,1101.3660498,8.893515,127.332668,25.28998,79.123451,6.34446,679.552184,36.37397294842,47.785933,77.906785,2643.96117798
TCGA-CF-A3MI-01A-11R-A20F-07,20074.948757767557,148.414686,51.742363000000005,1684.426053,25.383251,306.913814,35.878097000000004,111.177746,11.75186,1090.075626,29.02145,613.4955,195.03483,526.662909
TCGA-4Z-AA7R-01A-11R-A39I-07,13143.11227761525,181.721425,27.816957,1625.62178,53.070803,163.393799,22.039202,91.9682486,1.98442,752.459436,70.01765,126.7132464,75.314195,1210.1893801
TCGA-GC-A3I6-01A-11R-A20F-07,14537.234176327363,156.60185985,36.257966,1280.345894,41.553837,178.94301099999998,63.0207,148.50994,18.9248,1622.147033247164,57.994315,376.599424,97.007075,896.46136242233
TCGA-XF-A9SX-01A-21R-A39I-07,9010.37897397696,84.560778,15.2052629,923.0604173,8.150036,216.530195,6.52582,76.396888,7.05829,583.4227050000001,33.190651,27.46012,75.706661,795.986524
TCGA-GV-A40G-01A-11R-A23N-07,21256.92285886611,355.322554,67.99679078,2029.8744364,62.488793,446.148088,29.906276,235.976574,17.18081,1594.8885199,96.069778,187.198089,223.488326,1255.5030687
TCGA-DK-A1AE-01A-11R-A13Y-07,16403.346927184586,186.7291298,30.7214342,2453.90176,65.327585,165.211944,55.373055,118.27088,1.0,485.7429077915149,85.326389,64.425803412373,245.499735,1827.495274
TCGA-XF-A9SP-01A-11R-A39I-07,10210.343192588543,146.00471742484,19.8161113,1967.248807,22.801722,278.791511,24.144814,106.763031,20.268,417.445300100812,44.977287,46.150653,96.36973,1098.594055
TCGA-5N-A9KM-01A-11R-A42T-07,14204.181347222036,136.243854,24.715457,2085.421964,35.810704,386.478678,14.864689,112.660449,17.2506,661.503144057,27.163751,133.417189,109.0450755,1462.8152365
TCGA-4Z-AA84-01A-11R-A39I-07,11169.531000837844,161.3836,15.514947,2204.2551489,14.226328,101.506746,24.12465,99.054606,13.85718,463.724666,47.26097,19.607248,85.483947,1207.715219
TCGA-FD-A3SN-01A-12R-A22U-07,12525.371709217568,229.314615,41.958075,1471.6806985,28.538285,170.570303,45.36822,94.25417,7.04009,1059.9339561,23.313766,29.432646,62.148337,944.796159
TCGA-GD-A76B-01A-11R-A32O-07,12905.001063128564,197.55315903,31.557037734,3358.580827244,34.33562,308.31125,34.376774,76.058308,8.643609999999999,881.926201,40.619819,71.79538699999999,180.515349,1286.5129327634772
TCGA-FD-A5C0-01A-11R-A28M-07,9720.890190943011,149.5876973,15.323932,1061.4003867,11.697305,144.807369,24.158911,61.383838,0.191864,421.498506,25.067371,23.461217,63.584555,759.391692
TCGA-XF-A8HH-01A-11R-A38B-07,13052.05665874996,135.6375424,25.833778,1367.519662,18.2245952,290.62397,46.437988421048,120.004283,7.38807,658.1146463,29.28083,66.6827873,125.812794,540.28706859
TCGA-G2-A2EO-01A-11R-A180-07,10373.570417117156,126.3198271,24.7616844,1848.970562,26.241365,135.296974,9.23898,126.862033,14.5417,676.238461,25.9027,22.574607,51.31505,553.6519930000001
TCGA-E7-A7PW-01A-11R-A352-07,28000.054158417264,511.069480281,117.8139748966,4558.19065021,218.1592253665008,399.777881,76.4800032,301.1397422,23.20776,1487.32530383887,184.17342907,485.3481694,249.61679040237,3444.8831322499
TCGA-GV-A6ZA-01A-12R-A33J-07,16272.627750670254,240.31323727894696,36.5959623,4475.136455,45.445768,461.939129,34.063822,102.773002,10.37239,1589.461443,52.539264,394.86295,215.26761,1538.94672117
TCGA-XF-A9T8-01A-11R-A39I-07,11003.891039189846,146.0714284,37.21893237,1050.413619,28.419897,68.089986,20.749667,84.832264,22.6044,623.126386757466,56.587224944,23.470536,101.48558,1250.9869165
TCGA-GV-A3QG-01A-11R-A220-07,14611.111890684717,260.5846692,32.5091721304,1843.789021,20.30813,193.0900048,44.508602,103.674472,7.66858,894.26561553088,68.490631,67.886977,78.083672,1128.363721
TCGA-DK-A3IV-01A-22R-A21D-07,23061.328280094145,312.2127955,46.0135020105034,2205.1347022,40.788972,404.44090178761,50.121051,111.169663,23.014422000000003,1031.579671048555,154.597362,67.439342,118.242802,1749.577924
TCGA-DK-AA75-01A-11R-A39I-07,8814.099417456733,139.0029123094,36.001878,1377.545799,24.935553,191.159535,15.03619,97.128793,1.0,460.8641373,13.0,53.400496,61.492551,663.979595
TCGA-K4-A3WU-01B-11R-A23N-07,24871.114675189885,387.20340304683,52.01232602982,3774.3205484,29.4327927,483.253957,64.128462,160.920034,20.7358,1361.57194549,104.289765,82.2388320187312,186.999782,1169.975375
TCGA-DK-A3IQ-01A-31R-A32Y-07,10421.914032440858,123.83976142,18.21253066,1028.497323,54.016288,228.069538,32.970449,98.011724,6.87477,296.66958476897,36.970601,47.653813,85.170265,513.5473023
TCGA-DK-A3WW-01A-22R-A23N-07,11331.997936431631,232.8640400220577,74.282224294375,1234.625152,23.702923,101.414426,7.387376,112.68809,1.374359,381.834189681401,15.797932,45.736825,85.82722700000001,1804.091024
TCGA-UY-A78M-01A-21R-A352-07,16601.48183692994,217.3484794,47.7442214104366,2437.954438,31.337371,314.29681,25.461842,190.345706,14.7718,845.291391,50.471038,207.708255,244.061622,833.6016764
TCGA-BT-A3PK-01A-21R-A220-07,18466.89859751415,300.15812497,41.050781,1857.002747,49.354173,171.646204,23.25549,209.8715014,11.0042,642.8690746297128,51.61706,62.980221,105.041893,1587.5528412
TCGA-CU-A0YR-01A-12R-A10U-07,7880.920559327634,76.2679977,9.5853776,1454.582553,16.279646,124.287886,25.824915,54.497536,3.66229,717.392585,21.540956,20.387323,36.775118,314.15307872
TCGA-DK-A2I1-01A-11R-A180-07,17092.261164495,196.73995495,47.9312488,3793.9812432,26.10787,300.930679,31.889952,147.332596,13.6896,949.5169287,26.338968,82.637017,219.662941,2497.109517474
TCGA-GV-A3QH-01A-11R-A220-07,18559.36507011381,251.4067022,48.129113,1780.5206187,22.809451,337.693371,70.145808,114.272663,0.479801,1109.2929312,87.104325,43.116164,115.819229,1146.46190571
TCGA-FD-A3B4-01A-12R-A206-07,15208.691850819623,216.206894,28.1437442,1477.8237724,23.788854,230.6312752,37.91848,182.654702,16.57208,1031.15729285018,40.05956,78.512115,56.123665,1508.5885823
TCGA-FJ-A3ZF-01A-11R-A23N-07,29579.6783918139,661.302466,104.1485048,7260.373592,141.735054,734.142108,52.768098,324.57208,14.88391,1439.4388744339656,177.651145,220.356631,182.9235908,1242.00172345961
TCGA-E5-A4U1-01A-11R-A31N-07,35390.78400697774,934.311410358,230.75869,4880.499705,172.614209,844.897508,105.6815633,297.495496,25.2889,1270.605385,160.29454,161.238805,331.791061,2036.015787
TCGA-FD-A3SL-01A-21R-A22U-07,9393.869621243242,151.838496,12.75720628776,1331.080033,31.966419,154.07393,20.711768,74.468191,6.93616,985.867625,38.928804,34.0994305937,30.364529,753.213693
TCGA-ZF-A9RE-01A-11R-A38B-07,10269.741966788082,131.3470145,35.010792,1047.5359787,29.0190571,129.975897,29.083784,62.10371,6.36323,319.76118179097,36.674492,32.6086482,39.269406,557.283305
TCGA-XF-A9SZ-01A-11R-A39I-07,13010.602565336643,141.563374639448,50.891965,971.440662,18.79304,154.833907,8.0,159.9905743,8.14288,517.150126,25.236269,99.779609,50.008414,1254.1589913
TCGA-HQ-A2OF-01A-11R-A26T-07,11931.826036401477,180.9267158,7.4437565,982.753375,38.91119,270.23659,22.944396,97.079576,14.47789,332.333107,451.597852,11.379227,65.392826,534.288089
TCGA-FD-A62P-01A-32R-A30C-07,7823.125970170042,125.0999331164,13.466026,845.927158,14.177689,123.819039,14.672097,98.48668,8.30711,594.723606,9.58232,61.9357955342,24.374042,457.902421
TCGA-DK-AA74-01A-11R-A39I-07,6742.393603156351,108.021368,31.9604976,710.7672249999999,8.84251,140.66116,2.760183,71.07295589,12.6265,436.55153,7.54603,39.726081,59.74505,442.829206
TCGA-CF-A47S-01A-11R-A23W-07,24064.500380312005,318.568420644,50.37086620641,7751.9820661,79.458358,787.16308,61.449633,216.617897,48.44161,2581.774687,65.963947,1463.5151300000002,279.4002577,1471.46666
TCGA-CU-A0YO-01A-11R-A10U-07,8604.044294232977,132.2863681413061,15.416981576,1342.903205,30.974575,108.162411,43.8352711,38.719511,4.75818,482.23097578658,25.775991,77.33799981,54.084198,505.461813
TCGA-5N-A9KI-01A-31R-A42T-07,14591.13058812263,133.3755063,52.2432645042302,1576.726949,11.971543,188.88574,17.886288,86.04836399999999,7.6924,847.341872,46.21321,17.229631,75.91077,809.319708
TCGA-FJ-A3ZE-01A-11R-A23N-07,21032.89314338884,322.29661442303,45.56183235139,3031.0103977,64.299656,348.82484900000003,46.475543,186.046395,1.460074,1120.3385129,47.391944,111.583938,175.165295,997.323478
TCGA-DK-A1A6-01A-11R-A13Y-07,14861.473746262523,144.727801835662,23.7017573,2432.2236823,9.493429,376.0442,55.407601,109.0749166,18.78942,2153.1707548,37.350093,64.429333,84.5995436,588.042314
TCGA-UY-A9PE-01A-11R-A38B-07,8596.526988435733,129.0195265,21.22404,1424.879282242,31.308322,117.471494,18.185729,283.789665,6.42387,759.8051590106168,35.261201,28.462071,96.409871,515.289937
TCGA-BT-A3PJ-01A-21R-A220-07,10784.400557212508,275.2711687485667,40.12910773111,881.640743,27.680501,137.991347,42.402492,131.061682,1.69134,544.1079686178531,42.704539,19.929879,57.509283,1182.0673497
TCGA-DK-AA6U-01A-11R-A39I-07,16902.100315656604,187.0920659,53.4718536,2291.972158,97.557584,514.451561,39.31673,131.983919,11.5446,1009.6344112,59.475717,301.92434083,128.506704,819.1923163
TCGA-FD-A5BU-01A-31R-A26T-07,7681.903363606343,125.149498,9.3505103,713.224087,15.59912,108.636812,10.234009,86.06387,8.012904,206.8895263,21.535712,10.850103,38.096518,965.4679426
TCGA-DK-AA6L-01A-11R-A39I-07,13290.12429574514,146.446014369463,46.9275980904933,1324.845146,20.9926038,387.064929,29.395667,120.174008,13.8953,867.437451,53.164099,81.908865,95.14718,1163.8911810281477
TCGA-GU-A42P-01A-11R-A23W-07,26541.996377867585,522.0643827306862,69.1861091,2809.4246298,45.037929,306.786434,52.006214,209.32304600824,5.340552000000001,1054.4840592365113,62.959134,70.01266199999999,183.722329,1744.080581
TCGA-CF-A3MH-01A-11R-A20F-07,17790.300697652372,195.855754,36.867491530028,2356.5596490000003,84.222318,404.656079,46.096287,149.082025,16.075112,909.486252,51.451108000000005,81.425096,92.656101,868.0014482
TCGA-XF-AAN3-01A-11R-A42T-07,28240.152228836527,336.77120167,68.81754094809,2443.5244936,63.403292,407.336428,96.842474,252.347266,37.869,1843.5366217426,85.60741,137.5571347,303.983772,1969.91955283286
TCGA-XF-A9T6-01A-11R-A42T-07,10740.23752275629,167.856418,27.998878,1403.80054,10.59285,275.320677,11.272256,156.211744,0.5190731685000001,863.946876,9.778534,17.493753,107.7724303207,1159.9877547
TCGA-CF-A47W-01A-11R-A23W-07,16516.107128516258,202.750688457561,35.49342820717,3088.51707263,34.160018,465.069667,37.318618,87.3596194,25.8968,1372.756501,38.357395,831.291902,143.46074099999998,784.9888741
TCGA-GU-A764-01A-11R-A352-07,14871.282200490365,254.8040705,67.057561,1944.397866,22.31753,416.809831,15.380622,76.7290763,21.33489,1131.2638264,35.963291,75.714173390934,311.20353500000004,1114.93329035067
TCGA-ZF-AA4X-01A-11R-A38B-07,17123.29452282208,229.7858594,27.8877884,2149.225906,61.355468,353.9762209,37.672188,115.30674379,12.936129,1162.146614477949,91.799551,135.631116,73.527284,1257.976725
TCGA-C4-A0F7-01A-11R-A084-07,14960.69520059018,242.5566311,31.113102,1590.412441,30.8391382,141.690483,44.995085,166.895786,2.0,393.1018773,85.69189,14.903017,47.612215,1091.181439
TCGA-FD-A3SO-01A-11R-A22U-07,9912.007009911524,189.44288956,30.0008061,784.1328171,10.591119,147.523564,24.175255,53.479342,0.0,232.6170246,9.842386,24.503825,63.4557,746.504835
TCGA-BT-A2LD-01A-12R-A20F-07,13469.155269074496,184.54351249843,41.497389,1282.145365,26.896033,159.217373,11.0,88.250993,18.9903,812.8431295,24.51741,145.479803,48.14869,956.493867
TCGA-GV-A3QI-01A-11R-A220-07,19076.66727132104,389.7096650141,48.391885,3168.846081,39.759544,309.129093,58.263605,223.385334,17.7881,1072.815036860412,52.975016,57.587515,106.853569,2311.56272697173
TCGA-ZF-A9R2-01A-11R-A39I-07,9412.5039087876,120.62373612,16.102827,1114.093229,27.385298,174.321995,42.772,70.564437,2.7748,409.6186109017,38.900394,36.129904,91.15302211,618.4911941
TCGA-DK-A2HX-01A-12R-A18C-07,12545.367666225244,205.95085743,21.1526291,1284.7149756,30.7976236,178.967406,65.162832,105.69594,0.871853,1057.3866246,72.630445,68.628698,99.349121,685.8574
TCGA-CU-A3YL-01A-11R-A22U-07,22205.096233493063,309.5182388,42.740209,3076.326193,58.7258,498.984798,74.907269,158.348844,24.750912,3039.72746183,107.901322,134.55903800000002,204.1124840634438,1869.726809449927
TCGA-CU-A0YN-01A-21R-A10U-07,10437.899250126173,138.3744551,27.944796,1049.9579440131,22.547725,86.634073,16.838399,84.4254285047,17.92955,325.5868625379779,43.436129,42.0938258,62.399626,613.27136
TCGA-BT-A20N-01A-11R-A14Y-07,7079.943083722498,175.397819,12.6524418277,1311.875508,20.639594,52.958477,18.638264,80.632056,2.25476,246.394396,11.00725,42.9328024,20.692395,1361.594824
TCGA-K4-A5RH-01A-11R-A30C-07,16760.141931094753,346.4853518,35.93705599,1773.415411,17.444998,208.745329,25.18079,155.4380691,179.5882,1315.2617534,88.155537,26.303088,236.309385,1482.4076530209247
TCGA-ZF-AA54-01A-11R-A39I-07,9023.62591766912,150.9992827776,15.257799,1117.744155,18.828114,126.217766,17.482436,96.892298,14.6686,290.102037177,29.828273,30.915342,64.936598,778.23882518307
TCGA-DK-A1AC-01A-11R-A13Y-07,12899.40193122606,455.514192,25.488107,1850.3630073,39.142016,224.701879,39.815841,152.993701,0.0,760.7402699,45.640375,71.7407465,98.103855,870.7092040736002
TCGA-CF-A47T-01A-11R-A23W-07,12224.022809672735,177.2706708524,41.50944639,3017.5871874,29.928744,285.220435,22.974938,105.9370190273105,23.64681,793.1366634,41.77677,185.89129129,102.74527,891.711268
TCGA-DK-A6B0-01A-11R-A31N-07,13654.262271777225,209.229439,27.964014,1867.2635416,58.693252,353.211859,41.652904,154.099245,89.14448,1141.613176,43.594236,223.54326,163.68230606356,689.5782633
TCGA-DK-A6B1-01A-12R-A30C-07,13392.541255457396,362.37483028438,30.275435201786,2583.09185,168.136437,325.5368082,16.228475,116.684522,4.93142,813.2635294,60.08213,51.324205,115.349868,767.0352458
TCGA-GC-A4ZW-01A-11R-A26T-07,9693.805875791602,159.8249195,27.798128,1553.5339956,9.0213,143.476181,26.606006,66.397946,32.6463,1051.359418,54.44073,29.965363,87.837996,585.595073
TCGA-UY-A9PH-01A-11R-A38B-07,8885.633465525061,83.7591034,18.057577,1295.513419,11.23979,178.055933,18.331353,72.26306,5.54352,1178.782226842,28.139276,79.598575,149.782205,469.634201
TCGA-4Z-AA82-01A-11R-A39I-07,11383.08186682828,141.1970115,11.748608,919.713093,33.386261,116.1275,26.2273784,93.014563,3.00719,482.4965208,37.02008,66.245426,51.779349,1081.302756
TCGA-BT-A3PH-01A-11R-A220-07,16398.15325502934,184.0827992,30.149286,1703.44361198,15.660381,236.344728,60.544443,81.82089,3.32604,1173.334939,26.05636,104.02617979,32.75149,573.10939455
TCGA-BL-A0C8-01B-04R-A277-07,53547.80231780249,505.3549003,49.3500038,5494.147241043262,302.258325,1219.3601922,296.1139685,564.948881,34.71145,3946.8338735,571.6005703,798.006106,782.3003562,1303.9836927
TCGA-4Z-AA87-01A-11R-A39I-07,15640.91817699738,255.27185651403929,63.6119442,5276.438887,331.027553,394.031769,51.676739,112.106813,0.971567,886.5447991,42.2118091,111.612513,61.990065,1126.40481
TCGA-FD-A5BT-01A-11R-A26T-07,8932.716990013128,140.1954005208,48.0574423,978.953454,21.136021,279.148085,3.0,139.87219,8.03004,905.001442,8.0,51.08171,122.28981,986.765467
TCGA-GD-A3OQ-01A-32R-A220-07,12096.93981952285,154.306909,11.4949902,1570.9140309,41.185344,183.888355,45.67238,72.2599196,9.34249,548.2338630110247,42.829705,75.63609,77.686599,989.205013
TCGA-UY-A9PF-01A-11R-A38B-07,6823.016501422451,74.3160567,8.393436,1256.392664,15.792249,106.2674104,12.682265,65.111341,1.04962,443.372696106326,10.885041,31.585574,32.941512,501.8943601
TCGA-FD-A43N-01A-11R-A23W-07,16963.345049248088,280.0285260954069,52.97801,4162.844700000001,48.651258,290.279352,30.39945,168.080435,2.7355,667.8271815100001,42.320372,69.639846,148.04226244,1571.1949928
TCGA-DK-AA6M-01A-11R-A39I-07,8844.534389625884,139.621523,12.9898313,1138.956104,8.425429999999999,298.26591,5.0,62.5353894,18.2259,431.933189,34.986054,35.549808,69.792569125,618.394365
TCGA-E7-A7XN-01A-11R-A352-07,10007.183747207995,185.97060574259,34.8858746,623.087805,44.85576,47.497554,12.147262,82.489906,12.09649,329.033666,35.84592,72.580269,76.505432,1567.4242120290412
TCGA-KQ-A41P-01A-12R-A33J-07,15917.043438007748,253.8615881603,52.0383618,1613.2256741,17.829952,390.6791610719,174.851987,115.592543,61.293600000000005,1042.023701,59.605142,98.121607,128.335288,983.720089122
TCGA-BT-A2LA-01A-11R-A18C-07,22700.103268210776,473.31156481,112.578481,5869.479417,111.002102,269.821768,48.705313,263.855798,12.18682,1063.74887704,282.449078,84.37270582699,295.404024,2167.0898784
TCGA-BT-A42C-01A-11R-A23N-07,20112.984185262307,585.9041119172,34.514475300115,3384.683562,82.689881,387.407236,54.099441,226.007265,11.6279,1181.8248650695882,67.3560601,84.775533,126.164301,1372.30043265
TCGA-ZF-A9RN-01A-11R-A42T-07,8089.243865423009,235.21791,20.204842,1064.6387913922,7.242463,103.2121956,28.034543,83.81287999999999,7.4066,530.5633829999999,21.632054,4.6576808,36.424089,1159.056191
TCGA-E7-A4IJ-01A-31R-A26T-07,10816.920634157514,237.115218,29.9579230622104,1941.962776,56.332068,208.513741,11.685715,129.636756,5.403503,1030.543027,41.902092,61.02821,141.64001,714.327519
TCGA-ZF-A9R3-01A-11R-A38B-07,14695.140584445207,152.998733,16.003486,1957.5012627,60.718389,267.820125,105.097262,139.216822,12.7278,519.921113207189,110.94458,236.930261,103.037859,835.173321779
TCGA-UY-A8OC-01A-11R-A36F-07,9412.10700862785,95.8582498,10.047565,978.0921738849,9.62046,114.75631,14.598431,107.206963,6.96838,234.4959459,40.9165,18.910292,47.54225,597.728575
TCGA-XF-A8HE-01A-11R-A36F-07,12113.960531161403,189.6176535,33.130637,1121.4536347,52.671128,136.237925,33.193878,113.428802,8.0952,457.812561111162,53.130061,125.373661,75.571091,1564.7668215
TCGA-UY-A78P-01A-12R-A36F-07,10943.507191355744,237.771701171,63.065634717521,969.732773,29.289407,131.821889,25.381239,106.894779,24.55143,1004.851942894691,42.469436,81.410422,50.48510257,830.07057153786
TCGA-K4-A6FZ-01A-11R-A31N-07,10607.930767468464,183.391721,17.54940692,1541.4742272,22.701071,162.8838413,38.901008,100.769666,15.6498,680.003649,105.028783,63.888062,99.47615,1074.1268419
TCGA-ZF-AA4W-01A-12R-A38B-07,9807.46651235068,169.17711508392,75.9430163,1239.059213,11.6556,151.594183,17.626596,86.425333,3.85536,917.706745,18.25427,48.597771,28.36791304,2404.316114
TCGA-BT-A20Q-01A-11R-A14Y-07,8238.912266238696,108.8676396312,10.5349027,1147.524186,34.968944,128.493367,72.660107,100.668514,9.96626,678.8714808,25.770704,23.9312,42.017248,505.4710956
TCGA-FD-A3B7-01A-31R-A20F-07,10988.69591873154,164.6699668,27.3207204,1448.14318434,27.7569916,204.341158,36.937264,108.742014,25.7469,298.684501,61.948506,47.684036,47.15659723,1011.90934595
TCGA-GV-A3QK-01B-11R-A23N-07,18426.00066825371,244.9945825,57.19272537414,4227.4046435,46.464726,436.473509,64.521688,203.90299,15.8491,1554.7042630245132,66.364525,133.58181299999998,190.70375641,1207.5493527
TCGA-GU-A767-01A-11R-A32O-07,13143.087438828474,190.8918526463361,45.07620736218,2512.9880622,15.816508,358.111574,55.18696,108.8176685,11.9729,877.1274290407063,37.011838,81.470732,86.79707,1359.4457015
TCGA-XF-AAN8-01A-11R-A42T-07,5985.865528312239,68.130588,12.759404,717.8142349999999,8.22101,79.57418,11.473366,48.0857407,24.58,224.607444,23.0,9.35883,30.598725,404.159917
TCGA-GC-A6I1-01A-12R-A31N-07,6931.153978521232,98.257263,33.046003,1042.135904,17.989946,110.377055,27.261405,96.017488,12.2511,349.26689372625003,14.0,29.309494,64.591692,982.615077
TCGA-DK-A1AF-01A-11R-A13Y-07,12589.233427675674,177.2601770134628,34.4391934372268,1748.1418779,23.191695,145.520456,37.828795,72.510066,0.0,492.5674694,92.6712698,33.958535,74.607683,954.198995
TCGA-FD-A62N-01A-11R-A30C-07,7212.999603105793,157.876539,28.6946080134,1276.767925,5.53983,150.20131700000002,15.825124,88.492298,36.0984,703.368477,23.52854,52.301939,78.7678,875.882891
TCGA-G2-A2EJ-01A-11R-A180-07,12699.966472236028,276.8513321,45.6649143,1094.3949821,27.73204,109.592188,18.311706,129.252501,11.78149,309.73797448402,60.80049,120.564470949206,64.628448,2147.178781
TCGA-UY-A8OD-01A-11R-A36F-07,12147.537316079564,136.11828998,33.1576849,1932.892268,75.465985,356.9047066,35.313215,134.5232593,22.8863,1785.076949,99.020714,107.304858,78.419722,891.13593915
TCGA-H4-A2HQ-01A-11R-A180-07,17845.030008727554,242.3752462468222,56.3249305764,1740.7674273,44.257717,263.545178,33.270183,128.419524,6.60028,599.1667753,78.050199,122.664089,78.991492,1244.13518725
TCGA-DK-A2I4-01A-11R-A21D-07,14399.970438521055,203.61842008,61.94660807,1513.513207,38.267188,177.011299,45.890006,136.396672,3.02613,1589.84929344,93.165247,216.374384,96.754666,1016.5324212
TCGA-CF-A47Y-01A-11R-A23W-07,18316.741288818248,290.9204596583,27.3189591117796,4730.1507304,66.740166,403.559705,81.949845,216.6829,92.7699,1275.1537627,40.650431,1102.842594,158.090274,1346.907769
TCGA-DK-A2I2-01A-11R-A180-07,10183.487857858654,133.8701538411,29.9616204054,845.9087049999999,14.06516,173.39611,17.465589,130.255179,16.7482,311.981753,32.98254,23.619248,108.6272389,928.058645
TCGA-XF-A8HI-01A-11R-A38B-07,14363.415690785112,170.5335309513,24.06616532725,1305.5206173,56.357623,243.294826,78.348521,173.251628,26.7027,795.402535184696,64.6032272398,191.038382,114.25892663,870.511359
TCGA-FD-A6TK-01A-42R-A33J-07,10995.790237280764,144.8407523,29.810983,1204.8436542,13.01339,223.869214,22.210137,124.878606,17.70759,824.3996812127,40.09379,59.816898,108.717377,764.914749
TCGA-GU-A762-01A-11R-A33J-07,11711.340834870229,188.7030571,30.756457,1255.4518684,14.276631,195.540994,15.0,120.079942,13.7265,593.2302821000001,34.216418,27.743629,99.472126,686.4264967
TCGA-ZF-AA5H-01A-11R-A39I-07,14687.560001115142,271.44026371,65.22588122451,1450.9289189302,41.190772,163.918315397,58.804372,139.433825,4.40381,1433.941152,44.276643,33.606873,102.371113,1257.830484
TCGA-FD-A6TC-01A-21R-A33J-07,13392.168342672836,235.18234452059,39.0760074,1808.2561828,65.83113900000001,287.07393,43.336926,141.941556,11.5789,796.691389129103,32.301968,164.37816,116.001142,824.40335
TCGA-DK-AA6P-01A-11R-A39I-07,13314.700452235238,176.29902806661,8.29968783,2360.993003311933,49.761691,296.429529,50.136483,102.935764,4.81032,452.4507571,106.97829,115.220467,122.92691,1079.375566
TCGA-G2-AA3D-01A-11R-A39I-07,16526.837746175486,197.5234903,28.5147385,1437.817486,64.06223130000001,322.271887,68.005534,68.185115,18.0346,1031.2467913,64.727837,176.694648,78.799979,747.761263
TCGA-XF-A9ST-01A-11R-A42T-07,8304.149698370853,115.65069144851,13.680678,849.617439,6.966536,183.031777,9.423362,108.690173,2.52072,136.307714,145.34072,18.067284,38.840288,506.1730287
TCGA-XF-A9SI-01A-11R-A39I-07,10930.949519633,138.3121256,18.1126299,1239.231871,18.2901872,217.56564,21.86728,93.468568,31.7834,857.909027,56.288935,54.733158,50.99705755,1734.4286929999998
TCGA-CF-A9FF-01A-11R-A38B-07,11041.46148788345,167.9703064,46.34860142414,2443.652947,34.5139,263.734928,33.356386,114.214718,7.90022,887.2890616999999,42.059213,157.448801,84.070536,570.6402876
TCGA-FD-A5BR-01A-11R-A26T-07,9421.995489719888,161.8588178047266,15.507053,1862.255103,19.53652,185.293567,41.385863,69.383846,4.05457,579.112445,33.354227,53.98184,65.730319,853.885826
TCGA-UY-A78N-01A-12R-A33J-07,19742.573296173898,255.77445754,96.06004204958,2786.68265,110.547361,520.773014,71.665646,208.9262194,16.27546,748.0564923000001,60.12307,170.061142,190.0861928,1162.467733
TCGA-CF-A9FM-01A-11R-A38B-07,10017.354653452225,184.3242961,25.196427270066,1480.2433264,36.871011,260.910657,84.423574,148.976307479729,14.7686,695.5888147000001,22.8726097,286.776251,85.59803,741.149101
TCGA-XF-A9T4-01A-11R-A39I-07,12730.756784031004,163.66244079999998,15.13045,1229.137108,40.447753,133.0852712,49.33089,92.766937,4.59463,585.08213237,41.601504,67.0610264,80.1837515,1202.0666138
TCGA-PQ-A6FN-01A-11R-A31N-07,8900.567009466706,136.589498,74.74152,917.283257,13.13318,114.678865,1.0,134.4984,10.69599,187.90665404561992,12.0,17.210102,45.683428,1881.324625
TCGA-FD-A43Y-01A-21R-A26T-07,8848.960701992692,194.13567112968,27.326443,1013.04468,21.200968,130.4191,21.05588679,118.936385,2.7856,648.931887,24.760421,27.55679488152,62.782925,898.393595
TCGA-XF-A9SW-01A-11R-A42T-07,6071.617403723112,83.2292831,23.947977,766.576604,32.27687,143.842223,15.880739,78.4647000753847,13.4693,387.1764668,19.296174,20.0738,45.968588,253.9474279
TCGA-G2-A3VY-01A-11R-A22U-07,20661.356242226237,326.221133,32.543573500323,3578.427422,58.655959,513.610447,51.175382,111.6728338,1.74052,837.2834891399577,121.464124,68.596233,124.886493,1287.432633
TCGA-ZF-AA53-01A-11R-A39I-07,7563.052548970724,148.8363086,45.238592,851.627648,20.2750386,96.335435,10.651232,86.719741,13.4356,835.851443,14.75547,17.452829,31.1543538,1273.4259945
TCGA-DK-A1A7-01A-11R-A13Y-07,14862.988383019114,293.1031627,57.154494,1896.6286228,17.02608,421.894685,23.799092,106.6172784,17.87589,928.14514,39.549334,41.02526,70.338496,764.941971
TCGA-CF-A9FH-01A-11R-A38B-07,13052.941031867622,147.5627354854729,35.686215,2345.769318,31.555644,350.8895872,58.647289,114.008474,10.3375,1268.728783688477,94.027471,184.60124,74.2704,645.562283
TCGA-G2-A2EC-01A-11R-A180-07,13776.571173197712,167.4525273,32.716047,1953.4340594,34.1537005,312.77217,110.3804977,102.135511,28.16954,622.989065,26.721916,139.720052,80.663238,651.4951684
TCGA-G2-A2ES-01A-11R-A180-07,13653.781970749022,166.4191670422263,23.424335,1340.27707377944,53.0744407,137.57144499999998,34.067199,93.086891,16.79229,675.1584744567,102.440989,170.695848589291,45.20521565381,1654.6039004
TCGA-CU-A5W6-01A-11R-A28M-07,12995.41756984118,165.915415801,41.151765,2273.733118,39.726523,359.762545,26.3222,105.901874,15.16379,1351.2031727689,55.792944,97.686945,89.41471,797.904777
TCGA-DK-A3IU-01A-11R-A20F-07,12175.63296535007,171.9810417,41.41762986645,1291.026044,57.084851,218.554948,62.712433,67.031184,28.4379,2354.496153478505,75.71538699999999,65.579537,88.3964123,1044.3028611
TCGA-GV-A3JV-01A-11R-A220-07,16348.515951985444,231.4408632,33.11548531,3062.6400588,71.013406,323.723567,61.723365,78.041692,33.3512,1703.7018004,29.907415,99.0971667,116.916885,1059.0105662
TCGA-FD-A6TA-01A-12R-A33J-07,9943.216943830614,132.633147,15.570265,1237.80604,32.240819,180.586914,39.623581,96.270468,9.39697,761.8482354,30.577063,83.040702,77.545348,636.6542895
TCGA-YF-AA3L-01A-11R-A38B-07,14718.572518135816,181.0915788545851,41.28388815,2239.50199,28.506544,743.477365,42.685101,178.54408,42.3079,1102.145463071462,75.52059,238.083712,93.785216,832.2246319000001
TCGA-XF-A9SL-01A-11R-A39I-07,10266.809457586454,133.713008,22.3958500155,1447.308443,16.749496,215.225358,45.171868,123.662363,10.5517,465.6809240963824,59.996811,65.220717,68.20300992,635.9001969
TCGA-DK-A1A5-01A-11R-A13Y-07,12501.41244152447,171.607433191249,36.13311131324,1983.823779878,27.892992,119.611393,27.799454,111.59048849,2.00842,767.2108785300001,64.850729,75.3973096,133.285074,564.393657
TCGA-E7-A541-01A-11R-A26T-07,12496.526222386872,173.257679,32.771790961817,947.4765072,22.21962,208.426497,11.942092,87.149198,8.44564,1410.668659,47.435346,79.098392,50.68985,880.393769
TCGA-XF-A8HG-01A-11R-A36F-07,12050.20707067292,161.6308563,30.173665,2486.924452,21.908268,136.651048,40.346699,84.0736947,5.616059,348.54576439,30.627462,31.218246,74.86683,745.634707148
TCGA-FD-A43P-01A-31R-A23W-07,19082.416618746207,342.108733443,51.78605436,3299.5452884,49.641484,239.32422,39.5234907,143.484387,9.77353,996.4192398,61.44372,100.406556,109.979675,1307.2972202
TCGA-DK-A1A3-01A-11R-A13Y-07,7845.273285533862,125.653377,11.208022,717.6203849999999,8.0897,59.744596,25.136955,56.108161,1.75711,294.834958,15.9954,29.90624043,40.392598,444.790316
TCGA-S5-A6DX-01A-11R-A31N-07,21354.08393972508,303.861207995598,103.027718,2259.728575,68.577404,468.910053,21.21378,171.983397171173,57.53039,1025.120585,65.235961,95.594258375122,93.25676,790.8297652
TCGA-GC-A6I3-01A-11R-A31N-07,18273.33388832443,408.9265701807,127.537541,2777.720739,58.698105,414.452576,38.75763,116.34005,8.90424,900.882442619,59.915975,241.752846,165.52175499999998,3338.8946833
TCGA-ZF-A9RC-01A-11R-A38B-07,15641.578846253706,217.16583406396,53.734592114,2296.135852,53.394099,248.15542,14.697421,409.651843,11.7848,747.6950257,37.294234,204.027729,591.41833,646.5496655
TCGA-FD-A3SR-01A-11R-A22U-07,13647.774341707567,179.0942887836898,26.3136385,1292.7634336,41.232723,200.7966686,40.459938,65.389712,0.0,668.607503,49.121871,38.4584624,128.555324,1279.599926
TCGA-2F-A9KQ-01A-11R-A38B-07,10826.388242140109,105.5131077,13.7462276,2165.002956,33.945497,261.061082,98.802183459,115.841224,23.602,1019.65583266,63.298681,170.832486,75.345534,590.9761006
TCGA-DK-A6AV-01A-12R-A30C-07,9344.639106414344,138.111332972,18.134056,1300.543972,46.729962,186.075124,25.835161,76.90489,6.692772,627.8151360117485,36.554337,148.27728,40.040404,355.07684271
TCGA-ZF-AA51-01A-21R-A39I-07,10465.562401007435,152.3295350137333,28.7819094747,1627.002047,53.541726,231.883853,17.09748,78.403032,12.7581,458.269795,29.81907,81.932509,83.970494,581.9455936
TCGA-GC-A3OO-01A-11R-A22U-07,10130.134621877192,160.60816896,17.568234,1127.0559864,39.6845853677,151.15222500000002,38.9460438,49.9106,10.0082,823.9533409,40.946304,29.05102913785,43.618431,598.93989
TCGA-4Z-AA7N-01A-11R-A39I-07,7185.055245083495,86.1270359,15.109569,596.997227,10.311062,99.551876,38.448188,33.952483,9.579353,216.425886,35.239544,15.224753,28.139945,439.2569769
TCGA-FD-A5BZ-01A-11R-A28M-07,7849.761209108892,124.2837405068,31.8120572,921.349664,16.521809,143.04813900000002,15.986696,77.784492,7.01035,272.6115274,13.478166,15.3437057245,42.869478,664.011561
TCGA-K4-A3WV-01A-11R-A22U-07,16390.39416564076,291.9735898,47.772847678,1753.7117561,66.885462,223.383941,22.21417,123.850341,27.93361,540.5783443,111.380494,117.08917131631,47.901228,910.63040965039
TCGA-DK-A6B2-01A-11R-A30C-07,11038.568429732257,198.266477,19.733125,2389.917219,25.561064,227.36021,50.891261,118.356624,37.31313,916.767082,37.22002,60.574764,79.602677,734.5945410525
TCGA-GV-A3JW-01A-11R-A20F-07,24393.233151367403,392.1865648,46.651293,4133.9240234,88.44279517,433.207179,84.051767,175.81032297,3.68823,1375.92803529179,492.265262,62.6323982,427.691104,1281.8953479
TCGA-BT-A20U-01A-11R-A14Y-07,5726.381042459013,78.547382,10.8300522,752.639912,15.6060352,64.255614,11.173206,30.580636,6.14791,300.811374,30.232861,21.141205,32.331743,602.505271
TCGA-FD-A3N6-01A-11R-A21D-07,17317.185459671702,301.571414665367,99.7168320235458,1995.576757,79.364437,43.867841,36.863318,108.433902,4.37655,721.48397973639,54.811782,79.1318863,54.36208,3570.814453
TCGA-FD-A6TD-01A-51R-A33J-07,10726.707675503469,133.0087007,28.3617770172616,1019.282579,21.344272,146.4235395,11.01743189,88.985201,29.90526,572.12577,24.677862,30.731227744,57.216286,819.5348552820739
TCGA-CF-A3MG-01A-11R-A20F-07,9305.033448294744,135.7254291,18.528603,1390.279896,25.510497,117.36186,40.526526,57.934798,2.67754,499.9951599,35.577386,151.384698,57.715946,603.5563348
TCGA-K4-A54R-01A-11R-A26T-07,7258.33727308,105.527759,19.028611,834.98243,10.811474,62.058015,21.8305,47.874459,3.24617,646.706333,14.31917,34.75826,38.567329,527.6245583150001
TCGA-DK-A1AD-01A-11R-A13Y-07,14845.249639315629,229.0476556,28.688698,4399.23956655,138.6677089,188.23636,43.767022,107.584122,3.79073,712.316165,67.833857,72.546229,181.966002,781.121230104065
TCGA-FD-A3SJ-01A-12R-A22U-07,16256.812819000865,304.787065645642,38.699128,2457.506631,51.662671,288.0729634,37.408563,152.440861,21.33201,1329.8799147,63.143961,70.989477758,96.3644044,1796.9341899
TCGA-GU-AATO-01A-11R-A39I-07,8158.626828228304,113.848425,17.814396,576.39572,15.507359,201.517833,8.238555999999999,161.801714,3.44687,381.198801,16.89579,28.282059,71.65249,502.610786
TCGA-UY-A9PB-01A-11R-A38B-07,8048.707735918002,108.9317724213865,35.540114534628,1803.480713,8.423852,214.657339,69.695181,123.799463,9.33275,720.393789054,24.69285,22.34789,101.368989,895.184247
TCGA-2F-A9KO-01A-11R-A38B-07,11154.46177412738,159.1038046,45.8731436949886,1463.2781907,37.164643,173.571178,28.0129378,111.61735,8.75685,1064.6647872697,31.375372,60.306892000000005,86.006571,812.3641700000001
TCGA-GU-A763-01A-11R-A32O-07,16154.397661821093,205.206405,35.606738,4535.3432760000005,62.74076,364.859626,71.374803,215.6505972,50.1974,1506.336741,151.991638,527.038702,137.89419,1186.0241849
TCGA-E7-A97P-01A-11R-A38B-07,8573.533431135536,119.694119,31.339424,895.329869,14.477363,128.8759,13.938269,68.6731380160061,19.3699,447.9342554,15.0,31.39442,41.695977,1051.7896282000002
TCGA-XF-AAN1-01A-31R-A42T-07,9756.098244731498,120.18751224335,15.3421,1139.786132743,30.9577,226.643683,29.86398,82.810185,5.86931,585.209744,37.0,233.0784795,40.069544,516.5144756
TCGA-CF-A5U8-01A-11R-A28M-07,10866.32931832061,207.6579359,10.15221,3698.9199580266472,47.229476,261.37878,45.2577068,142.132996,13.93679,712.341829,47.0,607.20018,113.854208,752.3523998
TCGA-DK-AA6W-01A-12R-A39I-07,15068.834196400565,188.345556120438,35.5132865,1155.903163,33.963901,197.325014,26.273026,117.273984,9.82778,1044.238359612155,118.19695,32.701661,86.642078,1186.214343
TCGA-4Z-AA86-01A-11R-A39I-07,11327.478309699549,166.6891283,35.533451,1325.609127,16.851072000000002,230.85161,22.254092,107.35289,11.1177,519.3559974598824,34.798511,39.491785,54.040851,999.4262029
